sun.launcher.LauncherHelper.checkAndLoadMain;sun.launcher.LauncherHelper.validateMainClass;java.lang.Class.getMethod;java.lang.Class.getMethod0;java.lang.Class.getMethodsRecursive;java.lang.Class.privateGetDeclaredMethods;java.lang.Class.getDeclaredMethods0,0.5320
com.sun.tools.javac.launcher.Main.main;com.sun.tools.javac.launcher.Main.run;com.sun.tools.javac.launcher.Main.compile;com.sun.tools.javac.api.JavacTaskImpl.call;com.sun.tools.javac.api.JavacTaskImpl.doCall;com.sun.tools.javac.api.JavacTaskImpl.invocationHelper;com.sun.tools.javac.api.JavacTaskImpl$$Lambda$84/0x00007f668c038248.call;com.sun.tools.javac.api.JavacTaskImpl.lambda$doCall$0;com.sun.tools.javac.main.JavaCompiler.compile;com.sun.tools.javac.main.JavaCompiler.enterTrees;com.sun.tools.javac.comp.Enter.main;com.sun.tools.javac.comp.Enter.complete;com.sun.tools.javac.code.Symbol$ClassSymbol.complete;com.sun.tools.javac.code.Symbol.complete;com.sun.tools.javac.comp.TypeEnter.complete;com.sun.tools.javac.comp.TypeEnter$Phase.completeEnvs;com.sun.tools.javac.comp.TypeEnter$Phase.doCompleteEnvs;com.sun.tools.javac.comp.TypeEnter$ImportsPhase.runPhase;com.sun.tools.javac.comp.TypeEnter$ImportsPhase.resolveImports;com.sun.tools.javac.code.Symbol$PackageSymbol.members;com.sun.tools.javac.code.Symbol.complete;com.sun.tools.javac.code.ClassFinder$$Lambda$92/0x00007f668c09cc60.complete;com.sun.tools.javac.code.ClassFinder.complete;com.sun.tools.javac.code.ClassFinder.fillIn;com.sun.tools.javac.code.ClassFinder.scanModulePaths;com.sun.tools.javac.code.ClassFinder.fillIn;com.sun.tools.javac.code.ClassFinder$1.hasNext;com.sun.tools.javac.file.PathFileObject.getKind;com.sun.tools.javac.file.BaseFileManager.getKind;jdk.internal.jrtfs.JrtPath.getFileName;jdk.internal.jrtfs.JrtPath.getFileName;java.lang.String.lastIndexOf;java.lang.String.lastIndexOf,0.5320
com.sun.tools.javac.launcher.Main.main;com.sun.tools.javac.launcher.Main.run;com.sun.tools.javac.launcher.Main.compile;com.sun.tools.javac.api.JavacTaskImpl.call;com.sun.tools.javac.api.JavacTaskImpl.doCall;com.sun.tools.javac.api.JavacTaskImpl.invocationHelper;com.sun.tools.javac.api.JavacTaskImpl$$Lambda$84/0x00007f668c038248.call;com.sun.tools.javac.api.JavacTaskImpl.lambda$doCall$0;com.sun.tools.javac.main.JavaCompiler.compile;com.sun.tools.javac.main.JavaCompiler.initModules;com.sun.tools.javac.comp.Modules.initModules;com.sun.tools.javac.comp.Modules.enter;com.sun.tools.javac.comp.Modules$$Lambda$137/0x00007f668c109000.accept;com.sun.tools.javac.comp.Modules.lambda$initModules$0;com.sun.tools.javac.comp.Modules.setupAllModules;com.sun.tools.javac.comp.Modules$$Lambda$149/0x00007f668c1112d0.test;com.sun.tools.javac.comp.Modules.lambda$setupAllModules$8;com.sun.tools.javac.code.Symbol.complete;com.sun.tools.javac.code.Symtab$$Lambda$95/0x00007f668c0b68c8.complete;com.sun.tools.javac.code.Symtab.lambda$enterModule$9;com.sun.tools.javac.comp.Modules$1.complete;com.sun.tools.javac.code.Symbol$ClassSymbol.complete;com.sun.tools.javac.code.Symbol.complete;com.sun.tools.javac.code.ModuleFinder$1.complete;com.sun.tools.javac.code.ClassFinder.fillIn;com.sun.tools.javac.jvm.ClassReader.readClassFile;com.sun.tools.javac.jvm.ClassReader.readClassBuffer;com.sun.tools.javac.jvm.ClassReader.readClass;com.sun.tools.javac.jvm.ClassReader.readClassAttrs;com.sun.tools.javac.jvm.ClassReader.readAttrs;com.sun.tools.javac.jvm.ClassReader$24.read;com.sun.tools.javac.jvm.ClassReader$InterimUsesDirective.<init>,0.5320
com.sun.tools.javac.launcher.Main.main;com.sun.tools.javac.launcher.Main.run;com.sun.tools.javac.launcher.Main.compile;com.sun.tools.javac.api.JavacTaskImpl.call;com.sun.tools.javac.api.JavacTaskImpl.doCall;com.sun.tools.javac.api.JavacTaskImpl.invocationHelper;com.sun.tools.javac.api.JavacTaskImpl$$Lambda$84/0x00007f668c038248.call;com.sun.tools.javac.api.JavacTaskImpl.lambda$doCall$0;com.sun.tools.javac.main.JavaCompiler.compile;com.sun.tools.javac.main.JavaCompiler.enterTrees;com.sun.tools.javac.comp.Enter.main;com.sun.tools.javac.comp.Enter.complete;com.sun.tools.javac.code.Symbol$ClassSymbol.complete;com.sun.tools.javac.code.Symbol.complete;com.sun.tools.javac.comp.TypeEnter.complete;com.sun.tools.javac.comp.TypeEnter$Phase.completeEnvs;com.sun.tools.javac.comp.TypeEnter$Phase.doCompleteEnvs;com.sun.tools.javac.comp.TypeEnter$ImportsPhase.runPhase;com.sun.tools.javac.comp.TypeEnter$ImportsPhase.resolveImports;com.sun.tools.javac.comp.TypeEnter$ImportsPhase.doImport;com.sun.tools.javac.comp.Attr.attribImportQualifier;com.sun.tools.javac.comp.Attr.attribTree;com.sun.tools.javac.tree.JCTree$JCFieldAccess.accept;com.sun.tools.javac.comp.Attr.visitSelect;com.sun.tools.javac.comp.Attr.selectSym;com.sun.tools.javac.comp.Resolve.findIdentInPackage;com.sun.tools.javac.comp.Resolve.findIdentInPackageInternal;com.sun.tools.javac.comp.Resolve.lookupPackage;com.sun.tools.javac.code.Symbol$PackageSymbol.members;com.sun.tools.javac.code.Symbol.complete;com.sun.tools.javac.code.ClassFinder$$Lambda$92/0x00007f668c09cc60.complete;com.sun.tools.javac.code.ClassFinder.complete;com.sun.tools.javac.code.ClassFinder.fillIn;com.sun.tools.javac.code.ClassFinder.scanModulePaths;com.sun.tools.javac.code.ClassFinder.fillIn;javax.tools.ForwardingJavaFileManager.inferBinaryName;com.sun.tools.javac.file.JavacFileManager.inferBinaryName;com.sun.tools.javac.file.JavacFileManager.checkNotModuleOrientedLocation;javax.tools.JavaFileManager$Location.isModuleOrientedLocation;java.lang.String.matches;java.util.regex.Pattern.matches;java.util.regex.Pattern.matcher;java.util.regex.Matcher.<init>;java.util.regex.Matcher.reset,0.5320
com.sun.tools.javac.launcher.Main.main;com.sun.tools.javac.launcher.Main.run;com.sun.tools.javac.launcher.Main.compile;com.sun.tools.javac.api.JavacTool.getStandardFileManager;com.sun.tools.javac.file.BaseFileManager.<clinit>;java.lang.ClassLoader.loadClass;jdk.internal.loader.ClassLoaders$AppClassLoader.loadClass;jdk.internal.loader.BuiltinClassLoader.loadClass;jdk.internal.loader.BuiltinClassLoader.loadClassOrNull;jdk.internal.loader.BuiltinClassLoader.findClassInModuleOrNull;jdk.internal.loader.BuiltinClassLoader.defineClass;java.security.SecureClassLoader.defineClass;java.lang.ClassLoader.defineClass;java.lang.ClassLoader.defineClass2,0.5320
com.sun.tools.javac.launcher.Main.main;com.sun.tools.javac.launcher.Main.run;com.sun.tools.javac.launcher.Main.compile;com.sun.tools.javac.api.JavacTaskImpl.call;com.sun.tools.javac.api.JavacTaskImpl.doCall;com.sun.tools.javac.api.JavacTaskImpl.invocationHelper;com.sun.tools.javac.api.JavacTaskImpl$$Lambda$84/0x00007f668c038248.call;com.sun.tools.javac.api.JavacTaskImpl.lambda$doCall$0;com.sun.tools.javac.api.JavacTaskImpl.prepareCompiler;com.sun.tools.javac.api.BasicJavacTask.initPlugins;com.sun.tools.javac.processing.JavacProcessingEnvironment.instance;com.sun.tools.javac.processing.JavacProcessingEnvironment.<init>;com.sun.tools.javac.main.JavaCompiler.instance;com.sun.tools.javac.main.JavaCompiler.<init>;java.lang.ClassLoader.loadClass;jdk.internal.loader.ClassLoaders$AppClassLoader.loadClass;jdk.internal.loader.BuiltinClassLoader.loadClass;jdk.internal.loader.BuiltinClassLoader.loadClassOrNull;jdk.internal.loader.BuiltinClassLoader.findClassInModuleOrNull;jdk.internal.loader.BuiltinClassLoader.defineClass;java.security.SecureClassLoader.defineClass;java.lang.ClassLoader.defineClass;java.lang.ClassLoader.defineClass2,0.5320
com.sun.tools.javac.launcher.Main.main;com.sun.tools.javac.launcher.Main.run;com.sun.tools.javac.launcher.Main.compile;com.sun.tools.javac.api.JavacTaskImpl.call;com.sun.tools.javac.api.JavacTaskImpl.doCall;com.sun.tools.javac.api.JavacTaskImpl.invocationHelper;com.sun.tools.javac.api.JavacTaskImpl$$Lambda$84/0x00007f668c038248.call;com.sun.tools.javac.api.JavacTaskImpl.lambda$doCall$0;com.sun.tools.javac.main.JavaCompiler.compile;com.sun.tools.javac.main.JavaCompiler.attribute;com.sun.tools.javac.comp.Attr.attrib;com.sun.tools.javac.comp.Attr.attribClass;com.sun.tools.javac.comp.Attr.attribClass;com.sun.tools.javac.comp.Attr.attribClassBody;com.sun.tools.javac.comp.Attr.attribStat;com.sun.tools.javac.comp.Attr.attribTree;com.sun.tools.javac.tree.JCTree$JCMethodDecl.accept;com.sun.tools.javac.comp.Attr.visitMethodDef;com.sun.tools.javac.comp.Attr.attribStat;com.sun.tools.javac.comp.Attr.attribTree;com.sun.tools.javac.tree.JCTree$JCBlock.accept;com.sun.tools.javac.comp.Attr.visitBlock;com.sun.tools.javac.comp.Attr.attribStats;com.sun.tools.javac.comp.Attr.attribStat;com.sun.tools.javac.comp.Attr.attribTree;com.sun.tools.javac.tree.JCTree$JCForLoop.accept;com.sun.tools.javac.comp.Attr.visitForLoop;com.sun.tools.javac.comp.Attr.attribStats;com.sun.tools.javac.comp.Attr.attribStat;com.sun.tools.javac.comp.Attr.attribTree;com.sun.tools.javac.tree.JCTree$JCExpressionStatement.accept;com.sun.tools.javac.comp.Attr.visitExec;com.sun.tools.javac.comp.Attr.attribExpr;com.sun.tools.javac.comp.Attr.attribTree;com.sun.tools.javac.tree.JCTree$JCUnary.accept;com.sun.tools.javac.comp.Attr.visitUnary;com.sun.tools.javac.comp.Operators.resolveUnary;java.lang.invoke.MethodHandleNatives.linkCallSite;java.lang.invoke.MethodHandleNatives.linkCallSiteImpl;java.lang.invoke.CallSite.makeSite;java.lang.invoke.BootstrapMethodInvoker.invoke;java.lang.invoke.Invokers$Holder.invokeExact_MT;java.lang.invoke.LambdaForm$DMH/0x00007f668c108800.invokeStatic;java.lang.invoke.LambdaMetafactory.metafactory;java.lang.invoke.InnerClassLambdaMetafactory.buildCallSite;java.lang.invoke.InnerClassLambdaMetafactory.spinInnerClass;java.lang.invoke.InnerClassLambdaMetafactory.generateInnerClass;java.lang.invoke.MethodHandles$Lookup.defineHiddenClass;java.lang.invoke.MethodHandles$Lookup.makeHiddenClassDefiner;java.lang.invoke.MethodHandles$Lookup.makeHiddenClassDefiner,0.5320
com.sun.tools.javac.launcher.Main.main;com.sun.tools.javac.launcher.Main.run;com.sun.tools.javac.launcher.Main.compile;com.sun.tools.javac.api.JavacTaskImpl.call;com.sun.tools.javac.api.JavacTaskImpl.doCall;com.sun.tools.javac.api.JavacTaskImpl.invocationHelper;com.sun.tools.javac.api.JavacTaskImpl$$Lambda$84/0x00007f668c038248.call;com.sun.tools.javac.api.JavacTaskImpl.lambda$doCall$0;com.sun.tools.javac.api.JavacTaskImpl.prepareCompiler;com.sun.tools.javac.main.Arguments.validate;com.sun.tools.javac.code.Source.toSourceVersion;javax.lang.model.SourceVersion.<clinit>;javax.lang.model.SourceVersion.getLatestSupported;java.lang.invoke.MethodHandleNatives.linkCallSite;java.lang.invoke.MethodHandleNatives.linkCallSiteImpl;java.lang.invoke.CallSite.makeSite;java.lang.invoke.BootstrapMethodInvoker.invoke;java.lang.invoke.Invokers$Holder.invokeExact_MT;java.lang.invoke.DelegatingMethodHandle$Holder.delegate;java.lang.invoke.DirectMethodHandle$Holder.invokeStatic;java.lang.invoke.StringConcatFactory.makeConcatWithConstants;java.lang.invoke.StringConcatFactory.generateMHInlineCopy;java.lang.invoke.StringConcatFactory.prepender;java.util.concurrent.ConcurrentHashMap.computeIfAbsent;java.lang.invoke.StringConcatFactory$1.apply;java.lang.invoke.StringConcatFactory$1.apply;java.lang.invoke.DirectMethodHandle.rebind;java.lang.invoke.BoundMethodHandle.makeReinvoker;java.lang.invoke.DelegatingMethodHandle.makeReinvokerForm;java.lang.invoke.DelegatingMethodHandle.makeReinvokerForm;java.lang.invoke.LambdaForm$Name.<init>;java.lang.invoke.LambdaForm$NamedFunction.<init>;java.lang.invoke.Invokers.basicInvoker;java.lang.invoke.DirectMethodHandle.make;java.lang.invoke.DirectMethodHandle.make;java.lang.invoke.DirectMethodHandle.make;java.lang.invoke.DirectMethodHandle.preparedLambdaForm;java.lang.invoke.DirectMethodHandle.preparedLambdaForm,0.5320
com.sun.tools.javac.launcher.Main.main;com.sun.tools.javac.launcher.Main.run;com.sun.tools.javac.launcher.Main.compile;com.sun.tools.javac.api.JavacTaskImpl.call;com.sun.tools.javac.api.JavacTaskImpl.doCall;com.sun.tools.javac.api.JavacTaskImpl.invocationHelper;com.sun.tools.javac.api.JavacTaskImpl$$Lambda$84/0x00007f668c038248.call;com.sun.tools.javac.api.JavacTaskImpl.lambda$doCall$0;com.sun.tools.javac.main.JavaCompiler.compile;com.sun.tools.javac.main.JavaCompiler.initModules;com.sun.tools.javac.comp.Modules.initModules;com.sun.tools.javac.comp.Modules.enter;com.sun.tools.javac.code.Symbol.complete;com.sun.tools.javac.comp.Modules$3.complete;com.sun.tools.javac.code.Symbol.complete;com.sun.tools.javac.comp.Modules$$Lambda$154/0x00007f668c1129f0.complete;com.sun.tools.javac.comp.Modules.lambda$completeModule$18;com.sun.tools.javac.comp.Modules.completeModule;com.sun.tools.javac.comp.Modules.initVisiblePackages;com.sun.tools.javac.comp.Modules.addVisiblePackages;java.util.HashMap.put;java.util.HashMap.putVal;java.util.LinkedHashMap.newNode,0.5320
com.sun.tools.javac.launcher.Main.main;com.sun.tools.javac.launcher.Main.run;com.sun.tools.javac.launcher.Main.compile;com.sun.tools.javac.api.JavacTool.getTask;com.sun.tools.javac.api.JavacTool.getTask;com.sun.tools.javac.main.Arguments.instance;com.sun.tools.javac.main.Arguments.<init>;com.sun.tools.javac.util.Log.instance;com.sun.tools.javac.util.Log.<init>;com.sun.tools.javac.util.Log.<init>;com.sun.tools.javac.util.JCDiagnostic$Factory.instance;com.sun.tools.javac.util.JCDiagnostic$Factory.<init>;com.sun.tools.javac.util.JCDiagnostic$Factory.<init>;com.sun.tools.javac.util.BasicDiagnosticFormatter.<init>;com.sun.tools.javac.util.BasicDiagnosticFormatter$BasicConfiguration.<init>;java.util.EnumSet.of;java.util.RegularEnumSet.add,0.5320
com.sun.tools.javac.launcher.Main.main;com.sun.tools.javac.launcher.Main.run;com.sun.tools.javac.launcher.Main.execute;java.lang.reflect.Method.invoke;jdk.internal.reflect.DelegatingMethodAccessorImpl.invoke;jdk.internal.reflect.NativeMethodAccessorImpl.invoke;jdk.internal.reflect.NativeMethodAccessorImpl.invoke0;LinkedList2.main;java.util.LinkedList.remove;java.util.LinkedList.node,5989.2386
com.sun.tools.javac.launcher.Main.main;com.sun.tools.javac.launcher.Main.run;com.sun.tools.javac.launcher.Main.execute;java.lang.reflect.Method.invoke;jdk.internal.reflect.DelegatingMethodAccessorImpl.invoke;jdk.internal.reflect.NativeMethodAccessorImpl.invoke;jdk.internal.reflect.NativeMethodAccessorImpl.invoke0;LinkedList2.main;java.lang.invoke.Invokers$Holder.linkToTargetMethod;java.lang.invoke.LambdaForm$MH/0x00007f668c03dc00.invoke;java.lang.invoke.DirectMethodHandle$Holder.invokeStatic;java.lang.StringConcatHelper.newArray,0.5320
com.sun.tools.javac.launcher.Main.main;com.sun.tools.javac.launcher.Main.run;com.sun.tools.javac.launcher.Main.compile;com.sun.tools.javac.api.JavacTaskImpl.call;com.sun.tools.javac.api.JavacTaskImpl.doCall;com.sun.tools.javac.api.JavacTaskImpl.invocationHelper;com.sun.tools.javac.api.JavacTaskImpl$$Lambda$84/0x00007f668c038248.call;com.sun.tools.javac.api.JavacTaskImpl.lambda$doCall$0;com.sun.tools.javac.main.JavaCompiler.compile;com.sun.tools.javac.main.JavaCompiler.attribute;com.sun.tools.javac.comp.Attr.attrib;com.sun.tools.javac.comp.Attr.attribClass;com.sun.tools.javac.comp.Attr.attribClass;com.sun.tools.javac.comp.Attr.isSerializable;com.sun.tools.javac.code.Type$ClassType.complete;com.sun.tools.javac.code.Symbol$ClassSymbol.complete;com.sun.tools.javac.code.Symbol.complete;com.sun.tools.javac.code.Symtab$1.complete;com.sun.tools.javac.code.ClassFinder$$Lambda$92/0x00007f668c09cc60.complete;com.sun.tools.javac.code.ClassFinder.complete;com.sun.tools.javac.code.ClassFinder.completeOwners;com.sun.tools.javac.code.Symbol.complete;com.sun.tools.javac.code.ClassFinder$$Lambda$92/0x00007f668c09cc60.complete;com.sun.tools.javac.code.ClassFinder.complete;com.sun.tools.javac.code.ClassFinder.fillIn;com.sun.tools.javac.code.ClassFinder.scanModulePaths;com.sun.tools.javac.code.ClassFinder.list;javax.tools.ForwardingJavaFileManager.list;com.sun.tools.javac.file.JavacFileManager.list;com.sun.tools.javac.file.JavacFileManager$DirectoryContainer.list;com.sun.tools.javac.file.PathFileObject.forDirectoryPath;com.sun.tools.javac.file.PathFileObject$DirectoryFileObject.<init>;com.sun.tools.javac.file.PathFileObject.<init>;java.nio.file.Files.isDirectory;java.nio.file.Files.readAttributes;jdk.internal.jrtfs.JrtFileSystemProvider.readAttributes;jdk.internal.jrtfs.JrtPath.getAttributes;jdk.internal.jrtfs.JrtFileSystem.getFileAttributes;jdk.internal.jrtfs.JrtFileSystem.checkNode;jdk.internal.jrtfs.JrtFileSystem.lookup;jdk.internal.jrtfs.SystemImage$1.findNode;jdk.internal.jimage.ImageReader.findNode;jdk.internal.jimage.ImageReader$SharedImageReader.findNode;java.util.HashMap.get;java.util.HashMap.getNode;java.util.HashMap.hash;java.lang.String.hashCode;java.lang.StringLatin1.hashCode,0.5320
java.lang.ref.Reference$ReferenceHandler.run;java.lang.ref.Reference.processPendingReferences;java.lang.ref.Reference.waitForReferencePendingList,0.0222
com.sun.tools.javac.launcher.Main.main;com.sun.tools.javac.launcher.Main.run;com.sun.tools.javac.launcher.Main.compile;com.sun.tools.javac.api.JavacTaskImpl.call;com.sun.tools.javac.api.JavacTaskImpl.doCall;com.sun.tools.javac.api.JavacTaskImpl.invocationHelper;com.sun.tools.javac.api.JavacTaskImpl$$Lambda$84/0x00007f668c038248.call;com.sun.tools.javac.api.JavacTaskImpl.lambda$doCall$0;com.sun.tools.javac.api.JavacTaskImpl.prepareCompiler;com.sun.tools.javac.api.BasicJavacTask.initPlugins;com.sun.tools.javac.processing.JavacProcessingEnvironment.instance;com.sun.tools.javac.processing.JavacProcessingEnvironment.<init>;com.sun.tools.javac.main.JavaCompiler.instance;com.sun.tools.javac.main.JavaCompiler.<init>;com.sun.tools.javac.code.ClassFinder.instance;com.sun.tools.javac.code.ClassFinder.<init>;com.sun.tools.javac.jvm.ClassReader.instance;com.sun.tools.javac.jvm.ClassReader.<init>;com.sun.tools.javac.comp.Annotate.instance;com.sun.tools.javac.comp.Annotate.<init>;com.sun.tools.javac.comp.Attr.instance;com.sun.tools.javac.comp.Attr.<init>;com.sun.tools.javac.code.Symtab.instance;com.sun.tools.javac.code.Symtab.<init>;com.sun.tools.javac.comp.Modules.instance;com.sun.tools.javac.comp.Modules.<init>;com.sun.tools.javac.comp.Check.instance;com.sun.tools.javac.comp.Check.<init>;com.sun.tools.javac.comp.Resolve.instance;com.sun.tools.javac.comp.Resolve.<init>;java.lang.ClassLoader.loadClass;jdk.internal.loader.ClassLoaders$AppClassLoader.loadClass;jdk.internal.loader.BuiltinClassLoader.loadClass;jdk.internal.loader.BuiltinClassLoader.loadClassOrNull;jdk.internal.loader.BuiltinClassLoader.findClassInModuleOrNull;jdk.internal.loader.BuiltinClassLoader.defineClass;java.security.SecureClassLoader.defineClass;java.lang.ClassLoader.defineClass;java.lang.ClassLoader.defineClass2,0.5320
com.sun.tools.javac.launcher.Main.main;com.sun.tools.javac.launcher.Main.run;com.sun.tools.javac.launcher.Main.compile;com.sun.tools.javac.api.JavacTaskImpl.call;com.sun.tools.javac.api.JavacTaskImpl.doCall;com.sun.tools.javac.api.JavacTaskImpl.invocationHelper;com.sun.tools.javac.api.JavacTaskImpl$$Lambda$84/0x00007f668c038248.call;com.sun.tools.javac.api.JavacTaskImpl.lambda$doCall$0;com.sun.tools.javac.main.JavaCompiler.compile;com.sun.tools.javac.main.JavaCompiler.enterTrees;com.sun.tools.javac.comp.Enter.main;com.sun.tools.javac.comp.Enter.complete;com.sun.tools.javac.code.Symbol$ClassSymbol.complete;com.sun.tools.javac.code.Symbol.complete;com.sun.tools.javac.comp.TypeEnter.complete;com.sun.tools.javac.comp.TypeEnter$Phase.completeEnvs;com.sun.tools.javac.comp.TypeEnter$Phase.completeEnvs;com.sun.tools.javac.comp.TypeEnter$Phase.completeEnvs;com.sun.tools.javac.comp.TypeEnter$Phase.completeEnvs;com.sun.tools.javac.comp.TypeEnter$Phase.completeEnvs;com.sun.tools.javac.comp.TypeEnter$Phase.completeEnvs;com.sun.tools.javac.comp.TypeEnter$AbstractMembersPhase.doCompleteEnvs;com.sun.tools.javac.comp.TypeEnter$Phase.doCompleteEnvs;com.sun.tools.javac.comp.TypeEnter$MembersPhase.runPhase;com.sun.tools.javac.comp.TypeEnter$MembersPhase.finishClass;com.sun.tools.javac.comp.MemberEnter.memberEnter;com.sun.tools.javac.comp.MemberEnter.memberEnter;com.sun.tools.javac.tree.JCTree$JCMethodDecl.accept;com.sun.tools.javac.comp.MemberEnter.visitMethodDef;com.sun.tools.javac.comp.MemberEnter.signature;com.sun.tools.javac.comp.MemberEnter.memberEnter;com.sun.tools.javac.tree.JCTree$JCVariableDecl.accept;com.sun.tools.javac.comp.MemberEnter.visitVarDef;com.sun.tools.javac.comp.Attr.attribType;com.sun.tools.javac.comp.Attr.attribType;com.sun.tools.javac.comp.Attr.attribTree;com.sun.tools.javac.tree.JCTree$JCArrayTypeTree.accept;com.sun.tools.javac.comp.Attr.visitTypeArray;com.sun.tools.javac.comp.Attr.attribType;com.sun.tools.javac.comp.Attr.attribType;com.sun.tools.javac.comp.Attr.attribTree;com.sun.tools.javac.tree.JCTree$JCIdent.accept;com.sun.tools.javac.comp.Attr.visitIdent;com.sun.tools.javac.comp.Resolve.resolveIdent;com.sun.tools.javac.comp.Resolve.findIdent;com.sun.tools.javac.comp.Resolve.findIdentInternal;com.sun.tools.javac.comp.Resolve.findType;com.sun.tools.javac.comp.Resolve.findGlobalType;com.sun.tools.javac.util.Iterators$CompoundIterator.hasNext;com.sun.tools.javac.util.Iterators$CompoundIterator.update;com.sun.tools.javac.code.Scope$CompoundScope$$Lambda$189/0x00007f668c11e680.apply;com.sun.tools.javac.code.Scope$CompoundScope.lambda$getSymbolsByName$2;com.sun.tools.javac.code.Scope$FilterImportScope$$Lambda$190/0x00007f668c11ef88.iterator;com.sun.tools.javac.code.Scope$FilterImportScope.lambda$getSymbolsByName$3;com.sun.tools.javac.util.Iterators.createFilterIterator;com.sun.tools.javac.util.Iterators$2.<init>;com.sun.tools.javac.util.Iterators$2.update;com.sun.tools.javac.code.Scope$FilterImportScope$$Lambda$192/0x00007f668c11f410.test;com.sun.tools.javac.code.Scope$FilterImportScope.lambda$getSymbolsByName$2;com.sun.tools.javac.comp.TypeEnter$ImportsPhase$$Lambda$176/0x00007f668c119598.accepts;com.sun.tools.javac.comp.TypeEnter$ImportsPhase.lambda$resolveImports$2;com.sun.tools.javac.comp.Check.importAccessible;com.sun.tools.javac.code.Symbol$ClassSymbol.flags;com.sun.tools.javac.code.Symbol$ClassSymbol.complete;com.sun.tools.javac.code.Symbol.complete;com.sun.tools.javac.code.ClassFinder$$Lambda$92/0x00007f668c09cc60.complete;com.sun.tools.javac.code.ClassFinder.complete;com.sun.tools.javac.code.ClassFinder.fillIn;com.sun.tools.javac.jvm.ClassReader.readClassFile;com.sun.tools.javac.jvm.ClassReader.readClassBuffer;com.sun.tools.javac.jvm.ClassReader.readClass;com.sun.tools.javac.jvm.ClassReader.readClassAttrs;com.sun.tools.javac.jvm.ClassReader.readAttrs;com.sun.tools.javac.jvm.ClassReader$6.read;com.sun.tools.javac.jvm.ClassReader.readInnerClasses;com.sun.tools.javac.jvm.ClassReader.enterClass;com.sun.tools.javac.code.Symtab.enterClass;com.sun.tools.javac.code.Symbol$PackageSymbol.members;com.sun.tools.javac.code.Symbol.complete;com.sun.tools.javac.code.ClassFinder$$Lambda$92/0x00007f668c09cc60.complete;com.sun.tools.javac.code.ClassFinder.complete;com.sun.tools.javac.code.ClassFinder.fillIn;com.sun.tools.javac.code.ClassFinder.scanModulePaths;com.sun.tools.javac.code.ClassFinder.fillIn;com.sun.tools.javac.code.ClassFinder.includeClassFile;com.sun.tools.javac.util.Names.fromString;com.sun.tools.javac.util.Name$Table.fromString;java.lang.String.toCharArray;java.lang.StringLatin1.toChars;java.lang.StringLatin1.inflate,0.5320
com.sun.tools.javac.launcher.Main.main;com.sun.tools.javac.launcher.Main.run;com.sun.tools.javac.launcher.Main.compile;com.sun.tools.javac.api.JavacTaskImpl.call;com.sun.tools.javac.api.JavacTaskImpl.doCall;com.sun.tools.javac.api.JavacTaskImpl.invocationHelper;com.sun.tools.javac.api.JavacTaskImpl$$Lambda$84/0x00007f668c038248.call;com.sun.tools.javac.api.JavacTaskImpl.lambda$doCall$0;com.sun.tools.javac.api.JavacTaskImpl.prepareCompiler;com.sun.tools.javac.api.BasicJavacTask.initPlugins;com.sun.tools.javac.processing.JavacProcessingEnvironment.instance;com.sun.tools.javac.processing.JavacProcessingEnvironment.<init>;com.sun.tools.javac.main.JavaCompiler.instance;com.sun.tools.javac.main.JavaCompiler.<init>;com.sun.tools.javac.code.ClassFinder.instance;com.sun.tools.javac.code.ClassFinder.<init>;com.sun.tools.javac.jvm.ClassReader.instance;com.sun.tools.javac.jvm.ClassReader.<init>;java.lang.ClassLoader.loadClass;jdk.internal.loader.ClassLoaders$AppClassLoader.loadClass;jdk.internal.loader.BuiltinClassLoader.loadClass;jdk.internal.loader.BuiltinClassLoader.loadClassOrNull;jdk.internal.loader.BuiltinClassLoader.findClassInModuleOrNull;jdk.internal.loader.BuiltinClassLoader.defineClass;java.security.SecureClassLoader.defineClass;java.lang.ClassLoader.defineClass;java.lang.ClassLoader.defineClass2,0.5320
com.sun.tools.javac.launcher.Main.main;com.sun.tools.javac.launcher.Main.run;com.sun.tools.javac.launcher.Main.compile;com.sun.tools.javac.api.JavacTaskImpl.call;com.sun.tools.javac.api.JavacTaskImpl.doCall;com.sun.tools.javac.api.JavacTaskImpl.invocationHelper;com.sun.tools.javac.api.JavacTaskImpl$$Lambda$84/0x00007f668c038248.call;com.sun.tools.javac.api.JavacTaskImpl.lambda$doCall$0;com.sun.tools.javac.main.JavaCompiler.compile;com.sun.tools.javac.main.JavaCompiler.initModules;com.sun.tools.javac.comp.Modules.initModules;com.sun.tools.javac.comp.Modules.enter;com.sun.tools.javac.comp.Modules.setCompilationUnitModules;com.sun.tools.javac.comp.Modules.getUnnamedModuleCompleter;com.sun.tools.javac.code.ModuleFinder.findAllModules;com.sun.tools.javac.code.ModuleFinder.scanModulePath;com.sun.tools.javac.code.ModuleFinder$ModuleLocationIterator.hasNext;javax.tools.ForwardingJavaFileManager.listLocationsForModules;com.sun.tools.javac.file.JavacFileManager.listLocationsForModules;com.sun.tools.javac.file.Locations.listLocationsForModules;com.sun.tools.javac.file.Locations$SystemModulesLocationHandler.listLocationsForModules;com.sun.tools.javac.file.Locations$SystemModulesLocationHandler.initSystemModules;jdk.internal.jrtfs.JrtDirectoryStream.iterator;jdk.internal.jrtfs.JrtFileSystem.iteratorOf;java.lang.invoke.MethodHandleNatives.linkCallSite;java.lang.invoke.MethodHandleNatives.linkCallSiteImpl;java.lang.invoke.CallSite.makeSite;java.lang.invoke.BootstrapMethodInvoker.invoke;java.lang.invoke.Invokers$Holder.invokeExact_MT;java.lang.invoke.DirectMethodHandle$Holder.invokeStatic;java.lang.invoke.LambdaMetafactory.metafactory;java.lang.invoke.InnerClassLambdaMetafactory.buildCallSite;java.lang.invoke.MethodHandles$Lookup.findConstructor;java.lang.invoke.MethodHandles$Lookup.resolveOrFail;java.lang.invoke.MethodHandles$Lookup.checkSymbolicClass;java.lang.invoke.MethodHandles$Lookup.isClassAccessible;sun.invoke.util.VerifyAccess.isClassAccessible;sun.invoke.util.VerifyAccess.isSamePackage;java.lang.Class.getPackageName;java.lang.Class.getName;java.lang.Class.initClassName,0.5320
com.sun.tools.javac.launcher.Main.main;com.sun.tools.javac.launcher.Main.run;com.sun.tools.javac.launcher.Main.compile;com.sun.tools.javac.api.JavacTaskImpl.call;com.sun.tools.javac.api.JavacTaskImpl.doCall;com.sun.tools.javac.api.JavacTaskImpl.invocationHelper;com.sun.tools.javac.api.JavacTaskImpl$$Lambda$84/0x00007f668c038248.call;com.sun.tools.javac.api.JavacTaskImpl.lambda$doCall$0;com.sun.tools.javac.main.JavaCompiler.compile;com.sun.tools.javac.main.JavaCompiler.parseFiles;com.sun.tools.javac.main.JavaCompiler.parseFiles;com.sun.tools.javac.main.JavaCompiler.parse;com.sun.tools.javac.main.JavaCompiler.parse;com.sun.tools.javac.parser.JavacParser.parseCompilationUnit;com.sun.tools.javac.parser.JavacParser.importDeclaration;com.sun.tools.javac.parser.JavacParser.accept;java.lang.ClassLoader.loadClass;jdk.internal.loader.ClassLoaders$AppClassLoader.loadClass;jdk.internal.loader.BuiltinClassLoader.loadClass;jdk.internal.loader.BuiltinClassLoader.loadClassOrNull;jdk.internal.loader.BuiltinClassLoader.findClassInModuleOrNull;jdk.internal.loader.BuiltinClassLoader.defineClass;java.security.SecureClassLoader.defineClass;java.lang.ClassLoader.defineClass;java.lang.ClassLoader.defineClass2,0.5320
com.sun.tools.javac.launcher.Main.main;com.sun.tools.javac.launcher.Main.run;com.sun.tools.javac.launcher.Main.compile;com.sun.tools.javac.api.JavacTaskImpl.call;com.sun.tools.javac.api.JavacTaskImpl.doCall;com.sun.tools.javac.api.JavacTaskImpl.invocationHelper;com.sun.tools.javac.api.JavacTaskImpl$$Lambda$84/0x00007f668c038248.call;com.sun.tools.javac.api.JavacTaskImpl.lambda$doCall$0;com.sun.tools.javac.main.JavaCompiler.compile;com.sun.tools.javac.main.JavaCompiler.enterTrees;com.sun.tools.javac.comp.Enter.main;com.sun.tools.javac.comp.Enter.complete;com.sun.tools.javac.code.Symbol$ClassSymbol.complete;com.sun.tools.javac.code.Symbol.complete;com.sun.tools.javac.comp.TypeEnter.complete;com.sun.tools.javac.comp.TypeEnter$Phase.completeEnvs;com.sun.tools.javac.comp.TypeEnter$Phase.doCompleteEnvs;com.sun.tools.javac.comp.TypeEnter$ImportsPhase.runPhase;com.sun.tools.javac.comp.TypeEnter$ImportsPhase.resolveImports;com.sun.tools.javac.comp.TypeEnter$ImportsPhase.doImport;com.sun.tools.javac.comp.Attr.attribImportQualifier;com.sun.tools.javac.comp.Attr.attribTree;com.sun.tools.javac.tree.JCTree$JCFieldAccess.accept;com.sun.tools.javac.comp.Attr.visitSelect;com.sun.tools.javac.comp.Attr.selectSym;com.sun.tools.javac.comp.Resolve.findIdentInPackage;com.sun.tools.javac.comp.Resolve.findIdentInPackageInternal;com.sun.tools.javac.comp.Resolve.lookupPackage;com.sun.tools.javac.code.Symbol$PackageSymbol.members;com.sun.tools.javac.code.Symbol.complete;com.sun.tools.javac.code.ClassFinder$$Lambda$92/0x00007f668c09cc60.complete;com.sun.tools.javac.code.ClassFinder.complete;com.sun.tools.javac.code.ClassFinder.fillIn;com.sun.tools.javac.code.ClassFinder.scanModulePaths;com.sun.tools.javac.code.ClassFinder.list;javax.tools.ForwardingJavaFileManager.list;com.sun.tools.javac.file.JavacFileManager.list;com.sun.tools.javac.file.JavacFileManager$DirectoryContainer.list;com.sun.tools.javac.file.RelativePath.resolveAgainst;jdk.internal.jrtfs.JrtPath.resolve;jdk.internal.jrtfs.JrtPath.resolve;jdk.internal.jrtfs.JrtPath.resolve;java.lang.StringBuilder.append,0.5320
com.sun.tools.javac.launcher.Main.main;com.sun.tools.javac.launcher.Main.run;com.sun.tools.javac.launcher.Main.compile;com.sun.tools.javac.api.JavacTaskImpl.call;com.sun.tools.javac.api.JavacTaskImpl.doCall;com.sun.tools.javac.api.JavacTaskImpl.invocationHelper;com.sun.tools.javac.api.JavacTaskImpl$$Lambda$84/0x00007f668c038248.call;com.sun.tools.javac.api.JavacTaskImpl.lambda$doCall$0;com.sun.tools.javac.api.JavacTaskImpl.prepareCompiler;com.sun.tools.javac.api.BasicJavacTask.initPlugins;com.sun.tools.javac.processing.JavacProcessingEnvironment.instance;com.sun.tools.javac.processing.JavacProcessingEnvironment.<init>;com.sun.tools.javac.main.JavaCompiler.instance;com.sun.tools.javac.main.JavaCompiler.<init>;com.sun.tools.javac.code.ClassFinder.instance;com.sun.tools.javac.code.ClassFinder.<init>;com.sun.tools.javac.jvm.ClassReader.instance;com.sun.tools.javac.jvm.ClassReader.<init>;com.sun.tools.javac.comp.Annotate.instance;com.sun.tools.javac.comp.Annotate.<init>;com.sun.tools.javac.comp.Attr.instance;com.sun.tools.javac.comp.Attr.<init>;com.sun.tools.javac.code.Symtab.instance;com.sun.tools.javac.code.Symtab.<init>;com.sun.tools.javac.code.Symbol$RootPackageSymbol.<init>;com.sun.tools.javac.code.Symbol$PackageSymbol.<init>;com.sun.tools.javac.code.Symbol$PackageSymbol.<init>;com.sun.tools.javac.code.Kinds$Kind.<clinit>,0.5320
com.sun.tools.javac.launcher.Main.main;com.sun.tools.javac.launcher.Main.run;com.sun.tools.javac.launcher.Main.execute;java.lang.reflect.Method.invoke;jdk.internal.reflect.DelegatingMethodAccessorImpl.invoke;jdk.internal.reflect.NativeMethodAccessorImpl.invoke;jdk.internal.reflect.NativeMethodAccessorImpl.invoke0;LinkedList2.main;java.lang.invoke.Invokers$Holder.linkToTargetMethod;java.lang.invoke.LambdaForm$MH/0x00007f668c03dc00.invoke;java.lang.invoke.LambdaForm$MH/0x00007f668c03cc00.invoke;java.lang.invoke.DirectMethodHandle$Holder.invokeStatic;java.lang.StringConcatHelper.prepend;java.lang.StringConcatHelper.prepend;java.lang.Integer.getChars,2.1279
com.sun.tools.javac.launcher.Main.main;com.sun.tools.javac.launcher.Main.run;com.sun.tools.javac.launcher.Main.compile;com.sun.tools.javac.api.JavacTool.getStandardFileManager;com.sun.tools.javac.file.JavacFileManager.<init>;com.sun.tools.javac.file.BaseFileManager.<init>;com.sun.tools.javac.file.BaseFileManager.createLocations,0.5320
com.sun.tools.javac.launcher.Main.main;com.sun.tools.javac.launcher.Main.run;com.sun.tools.javac.launcher.Main.execute;java.lang.reflect.Method.invoke;jdk.internal.reflect.DelegatingMethodAccessorImpl.invoke;jdk.internal.reflect.NativeMethodAccessorImpl.invoke;jdk.internal.reflect.NativeMethodAccessorImpl.invoke0;LinkedList2.main,2.1279
com.sun.tools.javac.launcher.Main.main;com.sun.tools.javac.launcher.Main.run;com.sun.tools.javac.launcher.Main.compile;com.sun.tools.javac.api.JavacTaskImpl.call;com.sun.tools.javac.api.JavacTaskImpl.doCall;com.sun.tools.javac.api.JavacTaskImpl.invocationHelper;com.sun.tools.javac.api.JavacTaskImpl$$Lambda$84/0x00007f668c038248.call;com.sun.tools.javac.api.JavacTaskImpl.lambda$doCall$0;com.sun.tools.javac.api.JavacTaskImpl.prepareCompiler;com.sun.tools.javac.api.BasicJavacTask.initPlugins;com.sun.tools.javac.processing.JavacProcessingEnvironment.instance;com.sun.tools.javac.processing.JavacProcessingEnvironment.<init>;java.lang.ClassLoader.loadClass;jdk.internal.loader.ClassLoaders$AppClassLoader.loadClass;jdk.internal.loader.BuiltinClassLoader.loadClass;jdk.internal.loader.BuiltinClassLoader.loadClassOrNull;jdk.internal.loader.BuiltinClassLoader.findClassInModuleOrNull;jdk.internal.loader.BuiltinClassLoader.defineClass;java.security.SecureClassLoader.defineClass;java.lang.ClassLoader.defineClass;java.lang.ClassLoader.defineClass2,0.5320
com.sun.tools.javac.launcher.Main.main;com.sun.tools.javac.launcher.Main.run;com.sun.tools.javac.launcher.Main.compile;com.sun.tools.javac.api.JavacTaskImpl.call;com.sun.tools.javac.api.JavacTaskImpl.doCall;com.sun.tools.javac.api.JavacTaskImpl.invocationHelper;com.sun.tools.javac.api.JavacTaskImpl$$Lambda$84/0x00007f668c038248.call;com.sun.tools.javac.api.JavacTaskImpl.lambda$doCall$0;com.sun.tools.javac.main.JavaCompiler.compile;com.sun.tools.javac.main.JavaCompiler.initModules;com.sun.tools.javac.comp.Modules.initModules;com.sun.tools.javac.comp.Modules.enter;com.sun.tools.javac.comp.Modules.setCompilationUnitModules;com.sun.tools.javac.comp.Modules.getUnnamedModuleCompleter;com.sun.tools.javac.code.ModuleFinder.findAllModules;com.sun.tools.javac.code.ModuleFinder.findModuleInfo;com.sun.tools.javac.code.ModuleFinder.getModuleInfoFromLocation;javax.tools.ForwardingJavaFileManager.getJavaFileForInput;com.sun.tools.javac.file.JavacFileManager.getJavaFileForInput;com.sun.tools.javac.file.JavacFileManager.getFileForInput,0.5320
com.sun.tools.javac.launcher.Main.main;com.sun.tools.javac.launcher.Main.run;com.sun.tools.javac.launcher.Main.compile;com.sun.tools.javac.api.JavacTaskImpl.call;com.sun.tools.javac.api.JavacTaskImpl.doCall;com.sun.tools.javac.api.JavacTaskImpl.invocationHelper;com.sun.tools.javac.api.JavacTaskImpl$$Lambda$84/0x00007f668c038248.call;com.sun.tools.javac.api.JavacTaskImpl.lambda$doCall$0;com.sun.tools.javac.api.JavacTaskImpl.prepareCompiler;com.sun.tools.javac.api.BasicJavacTask.initPlugins;com.sun.tools.javac.processing.JavacProcessingEnvironment.instance;com.sun.tools.javac.processing.JavacProcessingEnvironment.<init>;com.sun.tools.javac.main.JavaCompiler.instance;com.sun.tools.javac.main.JavaCompiler.<init>;com.sun.tools.javac.code.ClassFinder.instance;com.sun.tools.javac.code.ClassFinder.<init>;com.sun.tools.javac.jvm.ClassReader.instance;com.sun.tools.javac.jvm.ClassReader.<init>;com.sun.tools.javac.comp.Annotate.instance;com.sun.tools.javac.comp.Annotate.<init>;com.sun.tools.javac.comp.Attr.instance;com.sun.tools.javac.comp.Attr.<init>;com.sun.tools.javac.code.Symtab.instance;com.sun.tools.javac.code.Symtab.<init>;com.sun.tools.javac.code.Symtab.enterClass;com.sun.tools.javac.code.Symtab.enterClass;com.sun.tools.javac.code.Symtab.lookupPackage;com.sun.tools.javac.code.Symtab.lookupPackage;com.sun.tools.javac.code.Symtab.enterPackage;com.sun.tools.javac.code.Symbol$PackageSymbol.<init>;com.sun.tools.javac.code.Symbol$PackageSymbol.<init>;com.sun.tools.javac.code.Symbol$TypeSymbol.formFullName;com.sun.tools.javac.util.Name.append;com.sun.tools.javac.util.SharedNameTable.fromUtf,0.5320
com.sun.tools.javac.launcher.Main.main;com.sun.tools.javac.launcher.Main.run;com.sun.tools.javac.launcher.Main.compile;com.sun.tools.javac.api.JavacTaskImpl.call;com.sun.tools.javac.api.JavacTaskImpl.doCall;com.sun.tools.javac.api.JavacTaskImpl.invocationHelper;com.sun.tools.javac.api.JavacTaskImpl$$Lambda$84/0x00007f668c038248.call;com.sun.tools.javac.api.JavacTaskImpl.lambda$doCall$0;com.sun.tools.javac.main.JavaCompiler.compile;com.sun.tools.javac.main.JavaCompiler.generate;com.sun.tools.javac.main.JavaCompiler.generate;com.sun.tools.javac.main.JavaCompiler.genCode;com.sun.tools.javac.jvm.Gen.genClass;com.sun.tools.javac.jvm.Gen.genDef;com.sun.tools.javac.tree.JCTree$JCMethodDecl.accept;com.sun.tools.javac.jvm.Gen.visitMethodDef;com.sun.tools.javac.jvm.Gen.genMethod;com.sun.tools.javac.jvm.Gen.initCode;com.sun.tools.javac.jvm.Code.setDefined;com.sun.tools.javac.jvm.Code$LocalVar.openRange;java.lang.ClassLoader.loadClass;jdk.internal.loader.ClassLoaders$AppClassLoader.loadClass;jdk.internal.loader.BuiltinClassLoader.loadClass;jdk.internal.loader.BuiltinClassLoader.loadClassOrNull;jdk.internal.loader.BuiltinClassLoader.findClassInModuleOrNull;jdk.internal.loader.BuiltinClassLoader.defineClass;java.security.SecureClassLoader.defineClass;java.lang.ClassLoader.defineClass;java.lang.ClassLoader.defineClass2,0.5320
com.sun.tools.javac.launcher.Main.main;com.sun.tools.javac.launcher.Main.run;com.sun.tools.javac.launcher.Main.compile;com.sun.tools.javac.api.JavacTool.getStandardFileManager;com.sun.tools.javac.file.JavacFileManager.<init>;com.sun.tools.javac.file.JavacFileManager.setContext;com.sun.tools.javac.file.BaseFileManager.setContext;com.sun.tools.javac.util.Log.instance;com.sun.tools.javac.util.Log.<init>;com.sun.tools.javac.util.Log.<init>;com.sun.tools.javac.util.JCDiagnostic$Factory.instance;com.sun.tools.javac.util.JCDiagnostic$Factory.<init>;com.sun.tools.javac.util.JavacMessages.instance;com.sun.tools.javac.util.JavacMessages.<init>;com.sun.tools.javac.util.JavacMessages.<init>;com.sun.tools.javac.util.JavacMessages.setCurrentLocale;com.sun.tools.javac.util.JavacMessages.getBundles;com.sun.tools.javac.util.JavacMessages$$Lambda$72/0x00007f668c0220a0.getResourceBundle;com.sun.tools.javac.util.JavacMessages.lambda$add$0;java.util.ResourceBundle.getBundle;java.util.ResourceBundle.getBundleImpl;java.util.ResourceBundle.getBundleImpl;java.util.ResourceBundle.getBundleImpl;java.util.ResourceBundle.findBundle;java.util.ResourceBundle.findBundle;java.util.ResourceBundle.loadBundle;java.util.ResourceBundle$ResourceBundleProviderHelper.loadPropertyResourceBundle;java.lang.invoke.MethodHandleNatives.linkCallSite;java.lang.invoke.MethodHandleNatives.linkCallSiteImpl;java.lang.invoke.Invokers.linkToTargetMethod;java.lang.invoke.Invokers.callSiteForm;java.lang.invoke.LambdaForm$Name.<init>;java.lang.invoke.LambdaForm$NamedFunction.<init>;java.lang.invoke.Invokers.basicInvoker;java.lang.invoke.DirectMethodHandle.make;java.lang.invoke.DirectMethodHandle.make;java.lang.invoke.DirectMethodHandle.make;java.lang.invoke.DirectMethodHandle.preparedLambdaForm;java.lang.invoke.DirectMethodHandle.preparedLambdaForm;java.lang.invoke.DirectMethodHandle.preparedLambdaForm;java.lang.invoke.DirectMethodHandle.makePreparedLambdaForm;java.lang.invoke.MemberName$Factory.resolveOrFail;java.lang.invoke.MemberName$Factory.resolve;java.lang.invoke.MemberName.checkForTypeAlias;sun.invoke.util.VerifyAccess.isTypeVisible,0.5320
com.sun.tools.javac.launcher.Main.main;com.sun.tools.javac.launcher.Main.run;com.sun.tools.javac.launcher.Main.compile;com.sun.tools.javac.api.JavacTaskImpl.call;com.sun.tools.javac.api.JavacTaskImpl.doCall;com.sun.tools.javac.api.JavacTaskImpl.invocationHelper;com.sun.tools.javac.api.JavacTaskImpl$$Lambda$84/0x00007f668c038248.call;com.sun.tools.javac.api.JavacTaskImpl.lambda$doCall$0;com.sun.tools.javac.main.JavaCompiler.compile;com.sun.tools.javac.main.JavaCompiler.enterTrees;com.sun.tools.javac.comp.Enter.main;com.sun.tools.javac.comp.Enter.complete;com.sun.tools.javac.code.Symbol$ClassSymbol.complete;com.sun.tools.javac.code.Symbol.complete;com.sun.tools.javac.comp.TypeEnter.complete;com.sun.tools.javac.comp.TypeEnter$Phase.completeEnvs;com.sun.tools.javac.comp.TypeEnter$Phase.doCompleteEnvs;com.sun.tools.javac.comp.TypeEnter$ImportsPhase.runPhase;com.sun.tools.javac.comp.TypeEnter$ImportsPhase.resolveImports;com.sun.tools.javac.code.Symbol$PackageSymbol.members;com.sun.tools.javac.code.Symbol.complete;com.sun.tools.javac.code.ClassFinder$$Lambda$92/0x00007f668c09cc60.complete;com.sun.tools.javac.code.ClassFinder.complete;com.sun.tools.javac.code.ClassFinder.fillIn;com.sun.tools.javac.code.ClassFinder.scanModulePaths;com.sun.tools.javac.code.ClassFinder.list;javax.tools.ForwardingJavaFileManager.list;com.sun.tools.javac.file.JavacFileManager.list;com.sun.tools.javac.file.JavacFileManager$DirectoryContainer.list;java.util.stream.ReferencePipeline.toList;java.util.stream.ReferencePipeline.toArray;java.util.stream.ReferencePipeline.toArray;java.util.stream.AbstractPipeline.evaluateToArrayNode;java.util.stream.AbstractPipeline.evaluate;java.util.stream.AbstractPipeline.wrapAndCopyInto;java.util.stream.AbstractPipeline.copyInto;java.util.Spliterators$IteratorSpliterator.forEachRemaining;java.util.Iterator.forEachRemaining;java.nio.file.Files$2.hasNext;jdk.internal.jrtfs.JrtDirectoryStream$1.hasNext,0.5320
com.sun.tools.javac.launcher.Main.main;com.sun.tools.javac.launcher.Main.run;com.sun.tools.javac.launcher.Main.compile;com.sun.tools.javac.api.JavacTaskImpl.call;com.sun.tools.javac.api.JavacTaskImpl.doCall;com.sun.tools.javac.api.JavacTaskImpl.invocationHelper;com.sun.tools.javac.api.JavacTaskImpl$$Lambda$84/0x00007f668c038248.call;com.sun.tools.javac.api.JavacTaskImpl.lambda$doCall$0;com.sun.tools.javac.main.JavaCompiler.compile;com.sun.tools.javac.main.JavaCompiler.attribute;com.sun.tools.javac.comp.Attr.attrib;com.sun.tools.javac.comp.Attr.attribClass;com.sun.tools.javac.comp.Attr.attribClass;com.sun.tools.javac.comp.Attr.attribClassBody;com.sun.tools.javac.comp.Attr.attribStat;com.sun.tools.javac.comp.Attr.attribTree;com.sun.tools.javac.tree.JCTree$JCMethodDecl.accept;com.sun.tools.javac.comp.Attr.visitMethodDef;com.sun.tools.javac.comp.Attr.attribStat;com.sun.tools.javac.comp.Attr.attribTree;com.sun.tools.javac.tree.JCTree$JCBlock.accept;com.sun.tools.javac.comp.Attr.visitBlock;com.sun.tools.javac.comp.Attr.attribStats;com.sun.tools.javac.comp.Attr.attribStat;com.sun.tools.javac.comp.Attr.attribTree;com.sun.tools.javac.tree.JCTree$JCForLoop.accept;com.sun.tools.javac.comp.Attr.visitForLoop;java.lang.invoke.MethodHandleNatives.linkMethodHandleConstant;java.lang.invoke.MethodHandles$Lookup.linkMethodHandleConstant;java.lang.invoke.MethodHandles$Lookup.getDirectMethodForConstant;java.lang.invoke.MethodHandles$Lookup.getDirectMethodNoSecurityManager;java.lang.invoke.MethodHandles$Lookup.getDirectMethodCommon;java.lang.invoke.DirectMethodHandle.make;java.lang.invoke.DirectMethodHandle.preparedLambdaForm;java.lang.invoke.DirectMethodHandle.preparedLambdaForm;java.lang.invoke.DirectMethodHandle.preparedLambdaForm;java.lang.invoke.DirectMethodHandle.makePreparedLambdaForm;java.lang.invoke.LambdaForm.compileToBytecode;java.lang.invoke.InvokerBytecodeGenerator.generateCustomizedCode;java.lang.invoke.InvokerBytecodeGenerator.generateCustomizedCodeBytes;java.lang.invoke.InvokerBytecodeGenerator.addMethod;java.lang.invoke.InvokerBytecodeGenerator.classData;java.util.ArrayList.add;java.util.ArrayList.add;java.util.ArrayList.grow,0.5320
com.sun.tools.javac.launcher.Main.main;com.sun.tools.javac.launcher.Main.run;com.sun.tools.javac.launcher.Main.compile;com.sun.tools.javac.api.JavacTaskImpl.call;com.sun.tools.javac.api.JavacTaskImpl.doCall;com.sun.tools.javac.api.JavacTaskImpl.invocationHelper;com.sun.tools.javac.api.JavacTaskImpl$$Lambda$84/0x00007f668c038248.call;com.sun.tools.javac.api.JavacTaskImpl.lambda$doCall$0;com.sun.tools.javac.api.JavacTaskImpl.prepareCompiler;com.sun.tools.javac.api.BasicJavacTask.initPlugins;com.sun.tools.javac.processing.JavacProcessingEnvironment.instance;com.sun.tools.javac.processing.JavacProcessingEnvironment.<init>;com.sun.tools.javac.main.JavaCompiler.instance;com.sun.tools.javac.main.JavaCompiler.<init>;com.sun.tools.javac.code.ClassFinder.instance;com.sun.tools.javac.code.ClassFinder.<init>;com.sun.tools.javac.jvm.ClassReader.instance;com.sun.tools.javac.jvm.ClassReader.<init>;com.sun.tools.javac.comp.Annotate.instance;com.sun.tools.javac.comp.Annotate.<init>;com.sun.tools.javac.comp.Attr.instance;com.sun.tools.javac.comp.Attr.<init>;com.sun.tools.javac.code.Symtab.instance;com.sun.tools.javac.code.Symtab.<init>;com.sun.tools.javac.comp.Modules.instance;com.sun.tools.javac.comp.Modules.<init>;com.sun.tools.javac.jvm.ClassWriter.instance;com.sun.tools.javac.jvm.ClassWriter.<init>;com.sun.tools.javac.jvm.Gen.instance;com.sun.tools.javac.jvm.Gen.<init>,0.5320
com.sun.tools.javac.launcher.Main.main;com.sun.tools.javac.launcher.Main.run;com.sun.tools.javac.launcher.Main.compile;com.sun.tools.javac.api.JavacTaskImpl.call;com.sun.tools.javac.api.JavacTaskImpl.doCall;com.sun.tools.javac.api.JavacTaskImpl.invocationHelper;com.sun.tools.javac.api.JavacTaskImpl$$Lambda$84/0x00007f668c038248.call;com.sun.tools.javac.api.JavacTaskImpl.lambda$doCall$0;com.sun.tools.javac.api.JavacTaskImpl.prepareCompiler;com.sun.tools.javac.api.BasicJavacTask.initPlugins;com.sun.tools.javac.processing.JavacProcessingEnvironment.instance;com.sun.tools.javac.processing.JavacProcessingEnvironment.<init>;com.sun.tools.javac.main.JavaCompiler.instance;com.sun.tools.javac.main.JavaCompiler.<init>;com.sun.tools.javac.code.ClassFinder.instance;com.sun.tools.javac.code.ClassFinder.<init>;com.sun.tools.javac.jvm.ClassReader.instance;com.sun.tools.javac.jvm.ClassReader.<init>;com.sun.tools.javac.comp.Annotate.instance;com.sun.tools.javac.comp.Annotate.<init>;com.sun.tools.javac.comp.Attr.instance;com.sun.tools.javac.comp.Attr.<init>;com.sun.tools.javac.code.Symtab.instance;com.sun.tools.javac.code.Symtab.<init>;com.sun.tools.javac.comp.Modules.instance;com.sun.tools.javac.comp.Modules.<init>;com.sun.tools.javac.comp.Check.instance;com.sun.tools.javac.comp.Check.<init>;com.sun.tools.javac.comp.Resolve.instance;com.sun.tools.javac.comp.Resolve.<init>;com.sun.tools.javac.comp.AttrRecover.instance;com.sun.tools.javac.comp.AttrRecover.<init>;com.sun.tools.javac.comp.DeferredAttr.instance;com.sun.tools.javac.comp.DeferredAttr.<init>;com.sun.tools.javac.comp.Enter.instance;com.sun.tools.javac.comp.Enter.<init>;com.sun.tools.javac.comp.TypeEnter.instance;com.sun.tools.javac.comp.TypeEnter.<init>;com.sun.tools.javac.comp.TypeEnter$ImportsPhase.<init>;java.lang.ClassLoader.loadClass;jdk.internal.loader.ClassLoaders$AppClassLoader.loadClass;jdk.internal.loader.BuiltinClassLoader.loadClass;jdk.internal.loader.BuiltinClassLoader.loadClassOrNull;jdk.internal.loader.BuiltinClassLoader.findClassInModuleOrNull;jdk.internal.loader.BuiltinClassLoader.defineClass;java.security.SecureClassLoader.defineClass;java.lang.ClassLoader.defineClass;java.lang.ClassLoader.defineClass2,0.5320
