java.lang.ref.Reference$ReferenceHandler.run;java.lang.ref.Reference.processPendingReferences;java.lang.ref.Reference.waitForReferencePendingList,32.3483
com.sun.tools.javac.launcher.Main.main;com.sun.tools.javac.launcher.Main.run;com.sun.tools.javac.launcher.Main.compile;com.sun.tools.javac.api.JavacTaskImpl.call;com.sun.tools.javac.api.JavacTaskImpl.doCall;com.sun.tools.javac.api.JavacTaskImpl.invocationHelper;com.sun.tools.javac.api.JavacTaskImpl$$Lambda$84/0x00007fb674038248.call;com.sun.tools.javac.api.JavacTaskImpl.lambda$doCall$0;com.sun.tools.javac.api.JavacTaskImpl.prepareCompiler;com.sun.tools.javac.api.BasicJavacTask.initPlugins;com.sun.tools.javac.processing.JavacProcessingEnvironment.instance;com.sun.tools.javac.processing.JavacProcessingEnvironment.<init>;com.sun.tools.javac.main.JavaCompiler.instance;com.sun.tools.javac.main.JavaCompiler.<init>;com.sun.tools.javac.code.ClassFinder.instance;com.sun.tools.javac.code.ClassFinder.<init>;com.sun.tools.javac.jvm.ClassReader.instance;com.sun.tools.javac.jvm.ClassReader.<init>;com.sun.tools.javac.comp.Annotate.instance;com.sun.tools.javac.comp.Annotate.<init>;com.sun.tools.javac.comp.Attr.instance;com.sun.tools.javac.comp.Attr.<init>;com.sun.tools.javac.code.Symtab.instance;com.sun.tools.javac.code.Symtab.<init>;com.sun.tools.javac.comp.Modules.instance;com.sun.tools.javac.comp.Modules.<init>;com.sun.tools.javac.comp.Check.instance;com.sun.tools.javac.comp.Check.<init>;com.sun.tools.javac.comp.Resolve.instance;com.sun.tools.javac.comp.Resolve.<init>;com.sun.tools.javac.comp.AttrRecover.instance;com.sun.tools.javac.comp.AttrRecover.<init>;com.sun.tools.javac.comp.DeferredAttr.instance;com.sun.tools.javac.comp.DeferredAttr.<init>;java.lang.ClassLoader.loadClass;jdk.internal.loader.ClassLoaders$AppClassLoader.loadClass;jdk.internal.loader.BuiltinClassLoader.loadClass;jdk.internal.loader.BuiltinClassLoader.loadClassOrNull;jdk.internal.loader.BuiltinClassLoader.findClassInModuleOrNull;jdk.internal.loader.BuiltinClassLoader.defineClass;java.security.SecureClassLoader.defineClass;java.lang.ClassLoader.defineClass;java.lang.ClassLoader.defineClass2,0.0000
com.sun.tools.javac.launcher.Main.main;com.sun.tools.javac.launcher.Main.run;com.sun.tools.javac.launcher.Main.compile;com.sun.tools.javac.api.JavacTool.getStandardFileManager;com.sun.tools.javac.file.JavacFileManager.<init>;java.lang.invoke.MethodHandleNatives.linkCallSite;java.lang.invoke.MethodHandleNatives.linkCallSiteImpl;java.lang.invoke.CallSite.makeSite;java.lang.invoke.BootstrapMethodInvoker.invoke;java.lang.invoke.Invokers$Holder.invokeExact_MT;java.lang.invoke.DirectMethodHandle$Holder.invokeStatic;java.lang.invoke.LambdaMetafactory.metafactory;java.lang.invoke.InnerClassLambdaMetafactory.buildCallSite;java.lang.invoke.InnerClassLambdaMetafactory.spinInnerClass;java.lang.invoke.InnerClassLambdaMetafactory.generateInnerClass;java.lang.invoke.MethodHandles$Lookup.defineHiddenClass;java.lang.invoke.MethodHandles$Lookup.makeHiddenClassDefiner;java.lang.invoke.MethodHandles$Lookup$ClassFile.newInstance,0.0000
com.sun.tools.javac.launcher.Main.main;com.sun.tools.javac.launcher.Main.run;com.sun.tools.javac.launcher.Main.execute;java.lang.reflect.Method.invoke;jdk.internal.reflect.DelegatingMethodAccessorImpl.invoke;jdk.internal.reflect.NativeMethodAccessorImpl.invoke;jdk.internal.reflect.NativeMethodAccessorImpl.invoke0;HashMap2.main;java.util.HashMap$EntryIterator.next;java.util.HashMap$EntryIterator.next;java.util.HashMap$HashIterator.nextNode,0.0000
com.sun.tools.javac.launcher.Main.main;com.sun.tools.javac.launcher.Main.run;com.sun.tools.javac.launcher.Main.compile;com.sun.tools.javac.api.JavacTaskImpl.call;com.sun.tools.javac.api.JavacTaskImpl.doCall;com.sun.tools.javac.api.JavacTaskImpl.invocationHelper;com.sun.tools.javac.api.JavacTaskImpl$$Lambda$84/0x00007fb674038248.call;com.sun.tools.javac.api.JavacTaskImpl.lambda$doCall$0;com.sun.tools.javac.api.JavacTaskImpl.prepareCompiler;com.sun.tools.javac.api.BasicJavacTask.initPlugins;com.sun.tools.javac.processing.JavacProcessingEnvironment.instance;com.sun.tools.javac.processing.JavacProcessingEnvironment.<init>;com.sun.tools.javac.main.JavaCompiler.instance;com.sun.tools.javac.main.JavaCompiler.<init>;com.sun.tools.javac.code.ClassFinder.instance;com.sun.tools.javac.code.ClassFinder.<init>;com.sun.tools.javac.jvm.ClassReader.instance;com.sun.tools.javac.jvm.ClassReader.<init>;com.sun.tools.javac.comp.Annotate.instance;com.sun.tools.javac.comp.Annotate.<init>;com.sun.tools.javac.comp.Attr.instance;com.sun.tools.javac.comp.Attr.<init>;com.sun.tools.javac.comp.Analyzer.instance;com.sun.tools.javac.comp.Analyzer.<init>;com.sun.tools.javac.comp.Analyzer$DiamondInitializer.<init>;java.lang.ClassLoader.loadClass;jdk.internal.loader.ClassLoaders$AppClassLoader.loadClass;jdk.internal.loader.BuiltinClassLoader.loadClass;jdk.internal.loader.BuiltinClassLoader.loadClassOrNull;jdk.internal.loader.BuiltinClassLoader.findClassInModuleOrNull;jdk.internal.loader.BuiltinClassLoader.defineClass;java.security.SecureClassLoader.defineClass;java.lang.ClassLoader.defineClass;java.lang.ClassLoader.defineClass2,0.0000
sun.launcher.LauncherHelper.checkAndLoadMain;sun.launcher.LauncherHelper.validateMainClass;java.lang.Class.getMethod;java.lang.Class.getMethod0;java.lang.Class.getMethodsRecursive;java.lang.Class.privateGetDeclaredMethods;java.lang.Class.getDeclaredMethods0;java.lang.ClassLoader.loadClass;jdk.internal.loader.ClassLoaders$AppClassLoader.loadClass;jdk.internal.loader.BuiltinClassLoader.loadClass;jdk.internal.loader.BuiltinClassLoader.loadClassOrNull;jdk.internal.loader.BuiltinClassLoader.loadClassOrNull;jdk.internal.loader.BuiltinClassLoader.loadClassOrNull;jdk.internal.loader.BuiltinClassLoader.findClassInModuleOrNull;jdk.internal.loader.BuiltinClassLoader.defineClass;java.security.SecureClassLoader.defineClass;java.lang.ClassLoader.defineClass;java.lang.ClassLoader.defineClass2;java.lang.ClassLoader.loadClass;jdk.internal.loader.BuiltinClassLoader.loadClass;jdk.internal.loader.BuiltinClassLoader.loadClassOrNull;java.lang.ClassLoader.findLoadedClass;java.lang.ClassLoader.findLoadedClass0,0.0000
com.sun.tools.javac.launcher.Main.main;com.sun.tools.javac.launcher.Main.run;com.sun.tools.javac.launcher.Main.execute;java.lang.reflect.Method.invoke;jdk.internal.reflect.DelegatingMethodAccessorImpl.invoke;jdk.internal.reflect.NativeMethodAccessorImpl.invoke;jdk.internal.reflect.NativeMethodAccessorImpl.invoke0;HashMap2.main,0.0000
com.sun.tools.javac.launcher.Main.main;com.sun.tools.javac.launcher.Main.run;com.sun.tools.javac.launcher.Main.compile;com.sun.tools.javac.api.JavacTaskImpl.call;com.sun.tools.javac.api.JavacTaskImpl.doCall;com.sun.tools.javac.api.JavacTaskImpl.invocationHelper;com.sun.tools.javac.api.JavacTaskImpl$$Lambda$84/0x00007fb674038248.call;com.sun.tools.javac.api.JavacTaskImpl.lambda$doCall$0;com.sun.tools.javac.main.JavaCompiler.compile;com.sun.tools.javac.main.JavaCompiler.initModules;com.sun.tools.javac.comp.Modules.initModules;com.sun.tools.javac.comp.Modules.enter;com.sun.tools.javac.code.Symbol.complete;com.sun.tools.javac.comp.Modules$3.complete;com.sun.tools.javac.code.Symbol.complete;com.sun.tools.javac.comp.Modules$$Lambda$155/0x00007fb674113718.complete;com.sun.tools.javac.comp.Modules.lambda$completeModule$18;com.sun.tools.javac.comp.Modules.completeModule;com.sun.tools.javac.comp.Modules.initVisiblePackages;com.sun.tools.javac.comp.Modules.addVisiblePackages;java.util.HashMap.get;java.util.HashMap.getNode;java.util.HashMap.hash,0.0000
com.sun.tools.javac.launcher.Main.main;com.sun.tools.javac.launcher.Main.run;com.sun.tools.javac.launcher.Main.compile;com.sun.tools.javac.api.JavacTaskImpl.call;com.sun.tools.javac.api.JavacTaskImpl.doCall;com.sun.tools.javac.api.JavacTaskImpl.invocationHelper;com.sun.tools.javac.api.JavacTaskImpl$$Lambda$84/0x00007fb674038248.call;com.sun.tools.javac.api.JavacTaskImpl.lambda$doCall$0;com.sun.tools.javac.main.JavaCompiler.compile;com.sun.tools.javac.main.JavaCompiler.initModules;com.sun.tools.javac.comp.Modules.initModules;com.sun.tools.javac.comp.Modules.enter;com.sun.tools.javac.comp.Modules$$Lambda$137/0x00007fb674109000.accept;com.sun.tools.javac.comp.Modules.lambda$initModules$0;com.sun.tools.javac.comp.Modules.setupAllModules;com.sun.tools.javac.comp.Modules$$Lambda$149/0x00007fb6741112d0.test;com.sun.tools.javac.comp.Modules.lambda$setupAllModules$8;com.sun.tools.javac.code.Symbol.complete;com.sun.tools.javac.code.Symtab$$Lambda$95/0x00007fb6740b68c8.complete;com.sun.tools.javac.code.Symtab.lambda$enterModule$9;com.sun.tools.javac.comp.Modules$1.complete;com.sun.tools.javac.code.Symbol$ClassSymbol.complete;com.sun.tools.javac.code.Symbol.complete;com.sun.tools.javac.code.ModuleFinder$1.complete;com.sun.tools.javac.code.ClassFinder.fillIn;com.sun.tools.javac.jvm.ClassReader.readClassFile;com.sun.tools.javac.jvm.ClassReader.readClassBuffer;com.sun.tools.javac.jvm.ClassReader.readClass;com.sun.tools.javac.jvm.ClassReader.readClassAttrs;com.sun.tools.javac.jvm.ClassReader.readAttrs;com.sun.tools.javac.jvm.ClassReader$24.read;com.sun.tools.javac.jvm.PoolReader.getPackage;com.sun.tools.javac.jvm.PoolReader$ImmutablePoolHelper.readIfNeeded;com.sun.tools.javac.jvm.PoolReader.resolve;com.sun.tools.javac.code.Symtab.enterPackage;com.sun.tools.javac.code.Symtab.enterPackage;com.sun.tools.javac.code.Symtab.enterPackage;com.sun.tools.javac.util.Name.isEmpty,0.0000
com.sun.tools.javac.launcher.Main.main;com.sun.tools.javac.launcher.Main.run;com.sun.tools.javac.launcher.Main.compile;com.sun.tools.javac.api.JavacTaskImpl.call;com.sun.tools.javac.api.JavacTaskImpl.doCall;com.sun.tools.javac.api.JavacTaskImpl.invocationHelper;com.sun.tools.javac.api.JavacTaskImpl$$Lambda$84/0x00007fb674038248.call;com.sun.tools.javac.api.JavacTaskImpl.lambda$doCall$0;com.sun.tools.javac.main.JavaCompiler.compile;com.sun.tools.javac.main.JavaCompiler.attribute;com.sun.tools.javac.comp.Attr.attrib;com.sun.tools.javac.comp.Attr.attribClass;com.sun.tools.javac.comp.Attr.attribClass;com.sun.tools.javac.comp.Attr.attribClassBody;com.sun.tools.javac.comp.Attr.attribStat;com.sun.tools.javac.comp.Attr.attribTree;com.sun.tools.javac.tree.JCTree$JCMethodDecl.accept;com.sun.tools.javac.comp.Attr.visitMethodDef;com.sun.tools.javac.comp.Attr.attribStat;com.sun.tools.javac.comp.Attr.attribTree;com.sun.tools.javac.tree.JCTree$JCBlock.accept;com.sun.tools.javac.comp.Attr.visitBlock;com.sun.tools.javac.comp.Attr.attribStats;com.sun.tools.javac.comp.Attr.attribStat;com.sun.tools.javac.comp.Attr.attribTree;com.sun.tools.javac.tree.JCTree$JCVariableDecl.accept;com.sun.tools.javac.comp.Attr.visitVarDef;com.sun.tools.javac.comp.Attr.attribExpr;com.sun.tools.javac.comp.Attr.attribTree;com.sun.tools.javac.tree.JCTree$JCNewClass.accept;com.sun.tools.javac.comp.Attr.visitNewClass;com.sun.tools.javac.comp.Resolve.resolveConstructor;com.sun.tools.javac.comp.Resolve.resolveConstructor;com.sun.tools.javac.comp.Resolve.lookupMethod;com.sun.tools.javac.comp.Resolve$BasicLookupHelper.lookup;com.sun.tools.javac.comp.Resolve$13.doLookup;com.sun.tools.javac.comp.Resolve.findConstructor;com.sun.tools.javac.comp.Resolve.findMethod;com.sun.tools.javac.comp.Resolve.findMethod;com.sun.tools.javac.comp.Resolve.findMethodInScope;com.sun.tools.javac.comp.Resolve.selectBest,0.0000
com.sun.tools.javac.launcher.Main.main;com.sun.tools.javac.launcher.Main.run;com.sun.tools.javac.launcher.Main.compile;com.sun.tools.javac.api.JavacTaskImpl.call;com.sun.tools.javac.api.JavacTaskImpl.doCall;com.sun.tools.javac.api.JavacTaskImpl.invocationHelper;com.sun.tools.javac.api.JavacTaskImpl$$Lambda$84/0x00007fb674038248.call;com.sun.tools.javac.api.JavacTaskImpl.lambda$doCall$0;com.sun.tools.javac.main.JavaCompiler.compile;com.sun.tools.javac.main.JavaCompiler.enterTrees;com.sun.tools.javac.comp.Enter.main;com.sun.tools.javac.comp.Enter.complete;com.sun.tools.javac.code.Symbol$ClassSymbol.complete;com.sun.tools.javac.code.Symbol.complete;com.sun.tools.javac.comp.TypeEnter.complete;com.sun.tools.javac.comp.TypeEnter$Phase.completeEnvs;com.sun.tools.javac.comp.TypeEnter$Phase.doCompleteEnvs;com.sun.tools.javac.comp.TypeEnter$ImportsPhase.runPhase;com.sun.tools.javac.comp.TypeEnter$ImportsPhase.resolveImports;com.sun.tools.javac.code.Symbol$PackageSymbol.members;com.sun.tools.javac.code.Symbol.complete;com.sun.tools.javac.code.ClassFinder$$Lambda$92/0x00007fb67409cc60.complete;com.sun.tools.javac.code.ClassFinder.complete;com.sun.tools.javac.code.ClassFinder.fillIn;com.sun.tools.javac.code.ClassFinder.scanModulePaths;com.sun.tools.javac.code.ClassFinder.list;javax.tools.ForwardingJavaFileManager.list;com.sun.tools.javac.file.JavacFileManager.list;com.sun.tools.javac.file.JavacFileManager$DirectoryContainer.list;java.util.stream.ReferencePipeline.toList;java.util.stream.ReferencePipeline.toArray;java.util.stream.ReferencePipeline.toArray;java.util.stream.AbstractPipeline.evaluateToArrayNode;java.util.stream.AbstractPipeline.evaluate;java.util.stream.AbstractPipeline.wrapAndCopyInto;java.util.stream.AbstractPipeline.copyInto;java.util.Spliterators$IteratorSpliterator.forEachRemaining;java.util.Iterator.forEachRemaining;java.nio.file.Files$2.hasNext;jdk.internal.jrtfs.JrtDirectoryStream$1.hasNext;java.util.Spliterators$1Adapter.hasNext;java.util.stream.StreamSpliterators$WrappingSpliterator.tryAdvance;java.util.stream.StreamSpliterators$AbstractWrappingSpliterator.doAdvance;java.util.stream.StreamSpliterators$AbstractWrappingSpliterator.fillBuffer;java.util.stream.StreamSpliterators$WrappingSpliterator$$Lambda$146/0x00007fb6740754f8.getAsBoolean;java.util.stream.StreamSpliterators$WrappingSpliterator.lambda$initPartialTraversalState$0;java.util.ArrayList$ArrayListSpliterator.tryAdvance;java.util.stream.ReferencePipeline$3$1.accept;jdk.internal.jrtfs.JrtFileSystem$$Lambda$142/0x00007fb674073890.apply;jdk.internal.jrtfs.JrtFileSystem.lambda$iteratorOf$2;jdk.internal.jrtfs.JrtPath.getFileName;java.lang.String.substring,0.0000
com.sun.tools.javac.launcher.Main.main;com.sun.tools.javac.launcher.Main.run;com.sun.tools.javac.launcher.Main.execute;java.lang.reflect.Method.invoke;jdk.internal.reflect.DelegatingMethodAccessorImpl.invoke;jdk.internal.reflect.NativeMethodAccessorImpl.invoke;jdk.internal.reflect.NativeMethodAccessorImpl.invoke0;HashMap2.main;java.lang.invoke.Invokers$Holder.linkToTargetMethod;java.lang.invoke.LambdaForm$MH/0x00007fb67403dc00.invoke;java.lang.invoke.LambdaForm$MH/0x00007fb67403cc00.invoke;java.lang.invoke.DirectMethodHandle$Holder.invokeStatic;java.lang.StringConcatHelper.prepend;java.lang.StringConcatHelper.prepend;java.lang.Integer.getChars,0.0000
com.sun.tools.javac.launcher.Main.main;com.sun.tools.javac.launcher.Main.run;com.sun.tools.javac.launcher.Main.execute;java.lang.reflect.Method.invoke;jdk.internal.reflect.DelegatingMethodAccessorImpl.invoke;jdk.internal.reflect.NativeMethodAccessorImpl.invoke;jdk.internal.reflect.NativeMethodAccessorImpl.invoke0;HashMap2.main;java.lang.invoke.Invokers$Holder.linkToTargetMethod;java.lang.invoke.LambdaForm$MH/0x00007fb67403dc00.invoke;java.lang.invoke.DirectMethodHandle$Holder.invokeStatic;java.lang.StringConcatHelper.newArray;jdk.internal.misc.Unsafe.allocateUninitializedArray,0.0000
com.sun.tools.javac.launcher.Main.main;com.sun.tools.javac.launcher.Main.run;com.sun.tools.javac.launcher.Main.compile;com.sun.tools.javac.api.JavacTool.getTask;com.sun.tools.javac.api.JavacTool.getTask;com.sun.tools.javac.main.Arguments.init;com.sun.tools.javac.main.Arguments.processArgs;com.sun.tools.javac.main.Arguments.handleReleaseOptions;java.lang.invoke.MethodHandleNatives.linkCallSite;java.lang.invoke.MethodHandleNatives.linkCallSiteImpl;java.lang.invoke.CallSite.makeSite;java.lang.invoke.BootstrapMethodInvoker.invoke;java.lang.invoke.Invokers$Holder.invokeExact_MT;java.lang.invoke.DirectMethodHandle$Holder.invokeStatic;java.lang.invoke.LambdaMetafactory.metafactory;java.lang.invoke.InnerClassLambdaMetafactory.buildCallSite;java.lang.invoke.InnerClassLambdaMetafactory.spinInnerClass;java.lang.invoke.InnerClassLambdaMetafactory.generateInnerClass;java.lang.invoke.InnerClassLambdaMetafactory$ForwardingMethodGenerator.generate;java.lang.Class.isInterface,0.0000
com.sun.tools.javac.launcher.Main.main;com.sun.tools.javac.launcher.Main.run;com.sun.tools.javac.launcher.Main.compile;com.sun.tools.javac.api.JavacTaskImpl.call;com.sun.tools.javac.api.JavacTaskImpl.doCall;com.sun.tools.javac.api.JavacTaskImpl.invocationHelper;com.sun.tools.javac.api.JavacTaskImpl$$Lambda$84/0x00007fb674038248.call;com.sun.tools.javac.api.JavacTaskImpl.lambda$doCall$0;com.sun.tools.javac.main.JavaCompiler.compile;com.sun.tools.javac.main.JavaCompiler.attribute;com.sun.tools.javac.comp.Attr.attrib;com.sun.tools.javac.comp.Attr.attribClass;com.sun.tools.javac.comp.Attr.attribClass;com.sun.tools.javac.comp.Attr.attribClassBody;com.sun.tools.javac.comp.Attr.attribStat;com.sun.tools.javac.comp.Attr.attribTree;com.sun.tools.javac.tree.JCTree$JCMethodDecl.accept;com.sun.tools.javac.comp.Attr.visitMethodDef;com.sun.tools.javac.comp.Attr.attribStat;com.sun.tools.javac.comp.Attr.attribTree;com.sun.tools.javac.tree.JCTree$JCBlock.accept;com.sun.tools.javac.comp.Attr.visitBlock;com.sun.tools.javac.comp.Attr.attribStats;com.sun.tools.javac.comp.Attr.attribStat;com.sun.tools.javac.comp.Attr.attribTree;com.sun.tools.javac.tree.JCTree$JCForLoop.accept;com.sun.tools.javac.comp.Attr.visitForLoop;com.sun.tools.javac.comp.Attr.breaksOutOf;com.sun.tools.javac.comp.Flow.breaksOutOf;com.sun.tools.javac.comp.Flow$AliveAnalyzer.analyzeTree;java.lang.ClassLoader.loadClass;jdk.internal.loader.ClassLoaders$AppClassLoader.loadClass;jdk.internal.loader.BuiltinClassLoader.loadClass;jdk.internal.loader.BuiltinClassLoader.loadClassOrNull;jdk.internal.loader.BuiltinClassLoader.findClassInModuleOrNull;jdk.internal.loader.BuiltinClassLoader.defineClass;java.security.SecureClassLoader.defineClass;java.lang.ClassLoader.defineClass;java.lang.ClassLoader.defineClass2,0.0000
com.sun.tools.javac.launcher.Main.main;com.sun.tools.javac.launcher.Main.run;com.sun.tools.javac.launcher.Main.compile;com.sun.tools.javac.api.JavacTaskImpl.call;com.sun.tools.javac.api.JavacTaskImpl.doCall;com.sun.tools.javac.api.JavacTaskImpl.invocationHelper;com.sun.tools.javac.api.JavacTaskImpl$$Lambda$84/0x00007fb674038248.call;com.sun.tools.javac.api.JavacTaskImpl.lambda$doCall$0;com.sun.tools.javac.main.JavaCompiler.compile;com.sun.tools.javac.main.JavaCompiler.initModules;com.sun.tools.javac.comp.Modules.initModules;com.sun.tools.javac.comp.Modules.enter;com.sun.tools.javac.comp.Modules.setCompilationUnitModules;com.sun.tools.javac.comp.Modules.getUnnamedModuleCompleter;com.sun.tools.javac.code.ModuleFinder.findAllModules;com.sun.tools.javac.code.ModuleFinder.findModuleInfo;com.sun.tools.javac.code.ModuleFinder.getModuleInfoFromLocation;javax.tools.ForwardingJavaFileManager.getJavaFileForInput;com.sun.tools.javac.file.JavacFileManager.getJavaFileForInput;com.sun.tools.javac.file.JavacFileManager.checkNotModuleOrientedLocation;javax.tools.JavaFileManager$Location.isModuleOrientedLocation;java.lang.String.matches;java.util.regex.Pattern.matches;java.util.regex.Pattern.compile;java.util.regex.Pattern.<init>;java.util.regex.Pattern.compile,0.0000
com.sun.tools.javac.launcher.Main.main;com.sun.tools.javac.launcher.Main.run;com.sun.tools.javac.launcher.Main.execute;java.lang.reflect.Method.invoke;jdk.internal.reflect.DelegatingMethodAccessorImpl.invoke;jdk.internal.reflect.NativeMethodAccessorImpl.invoke;jdk.internal.reflect.NativeMethodAccessorImpl.invoke0;HashMap2.main;java.util.HashMap.put;java.util.HashMap.putVal,0.0000
com.sun.tools.javac.launcher.Main.main;com.sun.tools.javac.launcher.Main.run;com.sun.tools.javac.launcher.Main.compile;com.sun.tools.javac.api.JavacTaskImpl.call;com.sun.tools.javac.api.JavacTaskImpl.doCall;com.sun.tools.javac.api.JavacTaskImpl.invocationHelper;com.sun.tools.javac.api.JavacTaskImpl$$Lambda$84/0x00007fb674038248.call;com.sun.tools.javac.api.JavacTaskImpl.lambda$doCall$0;com.sun.tools.javac.api.JavacTaskImpl.prepareCompiler;com.sun.tools.javac.api.BasicJavacTask.initPlugins;com.sun.tools.javac.processing.JavacProcessingEnvironment.instance;com.sun.tools.javac.processing.JavacProcessingEnvironment.<init>;com.sun.tools.javac.main.JavaCompiler.instance;com.sun.tools.javac.main.JavaCompiler.<init>;com.sun.tools.javac.code.ClassFinder.instance;com.sun.tools.javac.code.ClassFinder.<init>;com.sun.tools.javac.jvm.ClassReader.instance;com.sun.tools.javac.jvm.ClassReader.<init>;com.sun.tools.javac.comp.Annotate.instance;com.sun.tools.javac.comp.Annotate.<init>;com.sun.tools.javac.comp.Attr.instance;com.sun.tools.javac.comp.Attr.<init>;com.sun.tools.javac.code.Symtab.instance;com.sun.tools.javac.code.Symtab.<init>;com.sun.tools.javac.comp.Modules.instance;com.sun.tools.javac.comp.Modules.<init>;com.sun.tools.javac.comp.Check.instance;com.sun.tools.javac.comp.Check.<init>;com.sun.tools.javac.comp.Resolve.instance;com.sun.tools.javac.comp.Resolve.<init>;com.sun.tools.javac.comp.AttrRecover.instance;com.sun.tools.javac.comp.AttrRecover.<init>;com.sun.tools.javac.comp.DeferredAttr.instance;com.sun.tools.javac.comp.DeferredAttr.<init>,0.0000
com.sun.tools.javac.launcher.Main.main;com.sun.tools.javac.launcher.Main.run;com.sun.tools.javac.launcher.Main.compile;com.sun.tools.javac.api.JavacTool.getStandardFileManager;com.sun.tools.javac.file.BaseFileManager.<clinit>;java.lang.ClassLoader.loadClass;jdk.internal.loader.ClassLoaders$AppClassLoader.loadClass;jdk.internal.loader.BuiltinClassLoader.loadClass;jdk.internal.loader.BuiltinClassLoader.loadClassOrNull;jdk.internal.loader.BuiltinClassLoader.findClassInModuleOrNull;jdk.internal.loader.BuiltinClassLoader.defineClass;jdk.internal.module.SystemModuleFinders$SystemModuleReader.read;jdk.internal.module.SystemModuleFinders$SystemModuleReader.findImageLocation;jdk.internal.jimage.ImageReader.findLocation;jdk.internal.jimage.BasicImageReader.findLocation;jdk.internal.jimage.BasicImageReader.getLocationIndex;java.nio.DirectIntBufferU.get;java.nio.DirectIntBufferU.ix,0.0000
com.sun.tools.javac.launcher.Main.main;com.sun.tools.javac.launcher.Main.run;com.sun.tools.javac.launcher.Main.compile;com.sun.tools.javac.api.JavacTaskImpl.call;com.sun.tools.javac.api.JavacTaskImpl.doCall;com.sun.tools.javac.api.JavacTaskImpl.invocationHelper;com.sun.tools.javac.api.JavacTaskImpl$$Lambda$84/0x00007fb674038248.call;com.sun.tools.javac.api.JavacTaskImpl.lambda$doCall$0;com.sun.tools.javac.main.JavaCompiler.compile;com.sun.tools.javac.main.JavaCompiler.enterTrees;com.sun.tools.javac.comp.Enter.main;com.sun.tools.javac.comp.Enter.complete;com.sun.tools.javac.code.Symbol$ClassSymbol.complete;com.sun.tools.javac.code.Symbol.complete;com.sun.tools.javac.comp.TypeEnter.complete;com.sun.tools.javac.comp.TypeEnter$Phase.completeEnvs;com.sun.tools.javac.comp.TypeEnter$Phase.doCompleteEnvs;com.sun.tools.javac.comp.TypeEnter$ImportsPhase.runPhase;com.sun.tools.javac.comp.TypeEnter$ImportsPhase.resolveImports;com.sun.tools.javac.code.Symbol$PackageSymbol.members;com.sun.tools.javac.code.Symbol.complete;com.sun.tools.javac.code.ClassFinder$$Lambda$92/0x00007fb67409cc60.complete;com.sun.tools.javac.code.ClassFinder.complete;com.sun.tools.javac.code.ClassFinder.fillIn;com.sun.tools.javac.code.ClassFinder.scanModulePaths;com.sun.tools.javac.code.ClassFinder.fillIn;javax.tools.ForwardingJavaFileManager.inferBinaryName;com.sun.tools.javac.file.JavacFileManager.inferBinaryName;com.sun.tools.javac.file.JavacFileManager.checkNotModuleOrientedLocation;javax.tools.JavaFileManager$Location.isModuleOrientedLocation;java.lang.String.matches;java.util.regex.Pattern.matches;java.util.regex.Pattern.compile;java.util.regex.Pattern.<init>;java.util.regex.Pattern.compile;java.util.regex.Pattern$Start.<init>;java.util.regex.Pattern$Node.study;java.util.regex.Pattern$SliceNode.study;java.util.regex.Pattern$Node.study;java.util.regex.Pattern$Node.study,0.0000
com.sun.tools.javac.launcher.Main.main;com.sun.tools.javac.launcher.Main.run;com.sun.tools.javac.launcher.Main.compile;com.sun.tools.javac.api.JavacTaskImpl.call;com.sun.tools.javac.api.JavacTaskImpl.doCall;com.sun.tools.javac.api.JavacTaskImpl.invocationHelper;com.sun.tools.javac.api.JavacTaskImpl$$Lambda$84/0x00007fb674038248.call;com.sun.tools.javac.api.JavacTaskImpl.lambda$doCall$0;com.sun.tools.javac.main.JavaCompiler.compile;com.sun.tools.javac.main.JavaCompiler.enterTrees;com.sun.tools.javac.comp.Enter.main;com.sun.tools.javac.comp.Enter.complete;com.sun.tools.javac.code.Symbol$ClassSymbol.complete;com.sun.tools.javac.code.Symbol.complete;com.sun.tools.javac.comp.TypeEnter.complete;com.sun.tools.javac.comp.TypeEnter$Phase.completeEnvs;com.sun.tools.javac.comp.TypeEnter$Phase.doCompleteEnvs;com.sun.tools.javac.comp.TypeEnter$ImportsPhase.runPhase;com.sun.tools.javac.comp.TypeEnter$ImportsPhase.resolveImports;com.sun.tools.javac.comp.TypeEnter$ImportsPhase.doImport;com.sun.tools.javac.comp.Attr.attribImportQualifier;com.sun.tools.javac.comp.Attr.attribTree;com.sun.tools.javac.tree.JCTree$JCFieldAccess.accept;com.sun.tools.javac.comp.Attr.visitSelect;com.sun.tools.javac.comp.Attr.selectSym;com.sun.tools.javac.comp.Resolve.findIdentInPackage;com.sun.tools.javac.comp.Resolve.findIdentInPackageInternal;com.sun.tools.javac.comp.Resolve.lookupPackage;com.sun.tools.javac.code.Symbol$PackageSymbol.members;com.sun.tools.javac.code.Symbol.complete;com.sun.tools.javac.code.ClassFinder$$Lambda$92/0x00007fb67409cc60.complete;com.sun.tools.javac.code.ClassFinder.complete;com.sun.tools.javac.code.ClassFinder.fillIn;com.sun.tools.javac.code.ClassFinder.scanModulePaths;com.sun.tools.javac.code.ClassFinder.list;javax.tools.ForwardingJavaFileManager.list;com.sun.tools.javac.file.JavacFileManager.list;com.sun.tools.javac.file.JavacFileManager$DirectoryContainer.list;java.util.stream.ReferencePipeline.toList;java.util.stream.ReferencePipeline.toArray;java.util.stream.ReferencePipeline.toArray;java.util.stream.AbstractPipeline.evaluateToArrayNode;java.util.stream.AbstractPipeline.evaluate;java.util.stream.AbstractPipeline.wrapAndCopyInto;java.util.stream.AbstractPipeline.copyInto;java.util.Spliterators$IteratorSpliterator.forEachRemaining;java.util.Iterator.forEachRemaining;java.nio.file.Files$2.hasNext;jdk.internal.jrtfs.JrtDirectoryStream$1.hasNext;java.util.Spliterators$1Adapter.hasNext;java.util.stream.StreamSpliterators$WrappingSpliterator.tryAdvance;java.util.stream.StreamSpliterators$AbstractWrappingSpliterator.doAdvance;java.util.stream.StreamSpliterators$AbstractWrappingSpliterator.fillBuffer;java.util.stream.StreamSpliterators$WrappingSpliterator$$Lambda$146/0x00007fb6740754f8.getAsBoolean;java.util.stream.StreamSpliterators$WrappingSpliterator.lambda$initPartialTraversalState$0;java.util.ArrayList$ArrayListSpliterator.tryAdvance;java.util.stream.ReferencePipeline$3$1.accept;jdk.internal.jrtfs.JrtFileSystem$$Lambda$142/0x00007fb674073890.apply;jdk.internal.jrtfs.JrtFileSystem.lambda$iteratorOf$2,0.0000
com.sun.tools.javac.launcher.Main.main;com.sun.tools.javac.launcher.Main.run;com.sun.tools.javac.launcher.Main.compile;com.sun.tools.javac.api.JavacTaskImpl.call;com.sun.tools.javac.api.JavacTaskImpl.doCall;com.sun.tools.javac.api.JavacTaskImpl.invocationHelper;com.sun.tools.javac.api.JavacTaskImpl$$Lambda$84/0x00007fb674038248.call;com.sun.tools.javac.api.JavacTaskImpl.lambda$doCall$0;com.sun.tools.javac.api.JavacTaskImpl.prepareCompiler;com.sun.tools.javac.api.BasicJavacTask.initPlugins;com.sun.tools.javac.processing.JavacProcessingEnvironment.instance;com.sun.tools.javac.processing.JavacProcessingEnvironment.<init>;com.sun.tools.javac.main.JavaCompiler.instance;com.sun.tools.javac.main.JavaCompiler.<init>;com.sun.tools.javac.code.ClassFinder.instance;com.sun.tools.javac.code.ClassFinder.<init>;com.sun.tools.javac.jvm.ClassReader.instance;com.sun.tools.javac.jvm.ClassReader.<init>;com.sun.tools.javac.comp.Annotate.instance;com.sun.tools.javac.comp.Annotate.<init>;com.sun.tools.javac.comp.Attr.instance;com.sun.tools.javac.comp.Attr.<init>;com.sun.tools.javac.code.Symtab.instance;com.sun.tools.javac.code.Symtab.<init>,0.0000
com.sun.tools.javac.launcher.Main.main;com.sun.tools.javac.launcher.Main.run;com.sun.tools.javac.launcher.Main.compile;com.sun.tools.javac.api.JavacTaskImpl.call;com.sun.tools.javac.api.JavacTaskImpl.doCall;com.sun.tools.javac.api.JavacTaskImpl.invocationHelper;com.sun.tools.javac.api.JavacTaskImpl$$Lambda$84/0x00007fb674038248.call;com.sun.tools.javac.api.JavacTaskImpl.lambda$doCall$0;com.sun.tools.javac.main.JavaCompiler.compile;com.sun.tools.javac.main.JavaCompiler.desugar;com.sun.tools.javac.main.JavaCompiler.desugar;com.sun.tools.javac.comp.Lower.translateTopLevelClass;com.sun.tools.javac.comp.Lower.translate;com.sun.tools.javac.comp.Lower.translate;com.sun.tools.javac.tree.TreeTranslator.translate;com.sun.tools.javac.tree.JCTree$JCClassDecl.accept;com.sun.tools.javac.comp.Lower.visitClassDef;com.sun.tools.javac.comp.Lower.translate;com.sun.tools.javac.tree.TreeTranslator.translate;com.sun.tools.javac.tree.JCTree$JCMethodDecl.accept;com.sun.tools.javac.comp.Lower.visitMethodDef;com.sun.tools.javac.comp.Lower.visitMethodDefInternal;com.sun.tools.javac.tree.TreeTranslator.visitMethodDef;com.sun.tools.javac.tree.TreeTranslator.translateVarDefs;com.sun.tools.javac.comp.Lower.translate;com.sun.tools.javac.tree.TreeTranslator.translate;com.sun.tools.javac.tree.JCTree$JCVariableDecl.accept;com.sun.tools.javac.comp.Lower.visitVarDef;com.sun.tools.javac.comp.Lower.translate;com.sun.tools.javac.tree.TreeTranslator.translate;com.sun.tools.javac.tree.JCTree$JCArrayTypeTree.accept;com.sun.tools.javac.tree.TreeTranslator.visitTypeArray;com.sun.tools.javac.comp.Lower.translate;com.sun.tools.javac.tree.TreeTranslator.translate;com.sun.tools.javac.tree.JCTree$JCIdent.accept;com.sun.tools.javac.comp.Lower.visitIdent;com.sun.tools.javac.comp.Lower.access;com.sun.tools.javac.comp.Lower$2.<clinit>,0.0000
com.sun.tools.javac.launcher.Main.main;com.sun.tools.javac.launcher.Main.run;com.sun.tools.javac.launcher.Main.compile;com.sun.tools.javac.api.JavacTaskImpl.call;com.sun.tools.javac.api.JavacTaskImpl.doCall;com.sun.tools.javac.api.JavacTaskImpl.invocationHelper;com.sun.tools.javac.api.JavacTaskImpl$$Lambda$84/0x00007fb674038248.call;com.sun.tools.javac.api.JavacTaskImpl.lambda$doCall$0;com.sun.tools.javac.main.JavaCompiler.compile;com.sun.tools.javac.main.JavaCompiler.parseFiles;com.sun.tools.javac.main.JavaCompiler.parseFiles;com.sun.tools.javac.main.JavaCompiler.parse;com.sun.tools.javac.main.JavaCompiler.parse;com.sun.tools.javac.parser.JavacParser.parseCompilationUnit;com.sun.tools.javac.parser.JavacParser.importDeclaration;com.sun.tools.javac.parser.JavacParser.accept,0.0000
com.sun.tools.javac.launcher.Main.main;com.sun.tools.javac.launcher.Main.run;com.sun.tools.javac.launcher.Main.compile;com.sun.tools.javac.api.JavacTaskImpl.call;com.sun.tools.javac.api.JavacTaskImpl.doCall;com.sun.tools.javac.api.JavacTaskImpl.invocationHelper;com.sun.tools.javac.api.JavacTaskImpl$$Lambda$84/0x00007fb674038248.call;com.sun.tools.javac.api.JavacTaskImpl.lambda$doCall$0;com.sun.tools.javac.api.JavacTaskImpl.prepareCompiler;com.sun.tools.javac.api.BasicJavacTask.initPlugins;com.sun.tools.javac.processing.JavacProcessingEnvironment.instance;com.sun.tools.javac.processing.JavacProcessingEnvironment.<init>;com.sun.tools.javac.main.JavaCompiler.instance;com.sun.tools.javac.main.JavaCompiler.<init>;com.sun.tools.javac.code.ClassFinder.instance;com.sun.tools.javac.code.ClassFinder.<init>;com.sun.tools.javac.jvm.ClassReader.instance;com.sun.tools.javac.jvm.ClassReader.<init>;com.sun.tools.javac.comp.Annotate.instance;com.sun.tools.javac.comp.Annotate.<init>,0.0000
com.sun.tools.javac.launcher.Main.main;com.sun.tools.javac.launcher.Main.run;com.sun.tools.javac.launcher.Main.execute;java.lang.reflect.Method.invoke;jdk.internal.reflect.DelegatingMethodAccessorImpl.invoke;jdk.internal.reflect.NativeMethodAccessorImpl.invoke;jdk.internal.reflect.NativeMethodAccessorImpl.invoke0;HashMap2.main;java.lang.invoke.Invokers$Holder.linkToTargetMethod;java.lang.invoke.LambdaForm$MH/0x00007fb67403dc00.invoke;java.lang.invoke.LambdaForm$MH/0x00007fb67403d800.invoke;java.lang.invoke.DirectMethodHandle$Holder.invokeStatic;java.lang.StringConcatHelper.mix,0.0000
com.sun.tools.javac.launcher.Main.main;com.sun.tools.javac.launcher.Main.run;com.sun.tools.javac.launcher.Main.compile;com.sun.tools.javac.api.JavacTaskImpl.call;com.sun.tools.javac.api.JavacTaskImpl.doCall;com.sun.tools.javac.api.JavacTaskImpl.invocationHelper;com.sun.tools.javac.api.JavacTaskImpl$$Lambda$84/0x00007fb674038248.call;com.sun.tools.javac.api.JavacTaskImpl.lambda$doCall$0;com.sun.tools.javac.main.JavaCompiler.compile;com.sun.tools.javac.main.JavaCompiler.enterTrees;com.sun.tools.javac.comp.Enter.main;com.sun.tools.javac.comp.Enter.complete;com.sun.tools.javac.code.Symbol$ClassSymbol.complete;com.sun.tools.javac.code.Symbol.complete;com.sun.tools.javac.comp.TypeEnter.complete;com.sun.tools.javac.comp.TypeEnter$Phase.completeEnvs;com.sun.tools.javac.comp.TypeEnter$Phase.completeEnvs;com.sun.tools.javac.comp.TypeEnter$Phase.completeEnvs;com.sun.tools.javac.comp.TypeEnter$Phase.completeEnvs;com.sun.tools.javac.comp.TypeEnter$Phase.completeEnvs;com.sun.tools.javac.comp.TypeEnter$Phase.completeEnvs;com.sun.tools.javac.comp.TypeEnter$AbstractMembersPhase.doCompleteEnvs;com.sun.tools.javac.comp.TypeEnter$Phase.doCompleteEnvs;com.sun.tools.javac.comp.TypeEnter$MembersPhase.runPhase;com.sun.tools.javac.comp.TypeEnter$MembersPhase.finishClass;com.sun.tools.javac.comp.MemberEnter.memberEnter;com.sun.tools.javac.comp.MemberEnter.memberEnter;com.sun.tools.javac.tree.JCTree$JCMethodDecl.accept;com.sun.tools.javac.comp.MemberEnter.visitMethodDef;com.sun.tools.javac.comp.MemberEnter.signature;com.sun.tools.javac.comp.MemberEnter.memberEnter;com.sun.tools.javac.tree.JCTree$JCVariableDecl.accept;com.sun.tools.javac.comp.MemberEnter.visitVarDef;com.sun.tools.javac.comp.Attr.attribType;com.sun.tools.javac.comp.Attr.attribType;com.sun.tools.javac.comp.Attr.attribTree;com.sun.tools.javac.tree.JCTree$JCArrayTypeTree.accept;com.sun.tools.javac.comp.Attr.visitTypeArray;com.sun.tools.javac.comp.Attr.attribType;com.sun.tools.javac.comp.Attr.attribType;com.sun.tools.javac.comp.Attr.attribTree;com.sun.tools.javac.tree.JCTree$JCIdent.accept;com.sun.tools.javac.comp.Attr.visitIdent;com.sun.tools.javac.comp.Resolve.resolveIdent;com.sun.tools.javac.comp.Resolve.findIdent;com.sun.tools.javac.comp.Resolve.findIdentInternal;com.sun.tools.javac.comp.Resolve.findType;com.sun.tools.javac.comp.Resolve.findGlobalType;com.sun.tools.javac.util.Iterators$CompoundIterator.hasNext;com.sun.tools.javac.util.Iterators$CompoundIterator.update;com.sun.tools.javac.code.Scope$CompoundScope$$Lambda$189/0x00007fb67411e680.apply;com.sun.tools.javac.code.Scope$CompoundScope.lambda$getSymbolsByName$2;com.sun.tools.javac.code.Scope$FilterImportScope$$Lambda$190/0x00007fb67411ef88.iterator;com.sun.tools.javac.code.Scope$FilterImportScope.lambda$getSymbolsByName$3;com.sun.tools.javac.util.Iterators.createFilterIterator;com.sun.tools.javac.util.Iterators$2.<init>;com.sun.tools.javac.util.Iterators$2.update;com.sun.tools.javac.code.Scope$FilterImportScope$$Lambda$192/0x00007fb67411f410.test;com.sun.tools.javac.code.Scope$FilterImportScope.lambda$getSymbolsByName$2;com.sun.tools.javac.comp.TypeEnter$ImportsPhase$$Lambda$176/0x00007fb674119598.accepts;com.sun.tools.javac.comp.TypeEnter$ImportsPhase.lambda$resolveImports$2;com.sun.tools.javac.comp.Check.importAccessible;com.sun.tools.javac.code.Symbol$ClassSymbol.flags;com.sun.tools.javac.code.Symbol$ClassSymbol.complete;com.sun.tools.javac.code.Symbol.complete;com.sun.tools.javac.code.ClassFinder$$Lambda$92/0x00007fb67409cc60.complete;com.sun.tools.javac.code.ClassFinder.complete;com.sun.tools.javac.code.ClassFinder.fillIn;com.sun.tools.javac.jvm.ClassReader.readClassFile;com.sun.tools.javac.jvm.ClassReader.readClassBuffer;com.sun.tools.javac.jvm.ClassReader.readClass;com.sun.tools.javac.jvm.ClassReader.readClassAttrs;com.sun.tools.javac.jvm.ClassReader.readAttrs;com.sun.tools.javac.jvm.ClassReader$6.read;com.sun.tools.javac.jvm.ClassReader.readInnerClasses;com.sun.tools.javac.jvm.ClassReader.enterClass;com.sun.tools.javac.code.Symtab.enterClass;com.sun.tools.javac.code.Symbol$PackageSymbol.members;com.sun.tools.javac.code.Symbol.complete;com.sun.tools.javac.code.ClassFinder$$Lambda$92/0x00007fb67409cc60.complete;com.sun.tools.javac.code.ClassFinder.complete;com.sun.tools.javac.code.ClassFinder.fillIn;com.sun.tools.javac.code.ClassFinder.scanModulePaths;com.sun.tools.javac.code.ClassFinder.fillIn;com.sun.tools.javac.code.ClassFinder.includeClassFile;javax.tools.ForwardingJavaFileManager.inferBinaryName;com.sun.tools.javac.file.JavacFileManager.inferBinaryName;com.sun.tools.javac.file.JavacFileManager.checkNotModuleOrientedLocation;javax.tools.JavaFileManager$Location.isModuleOrientedLocation;java.lang.String.matches;java.util.regex.Pattern.matches;java.util.regex.Pattern.compile;java.util.regex.Pattern.<init>;java.util.regex.Pattern.compile;java.util.regex.Pattern.expr;java.util.regex.Pattern.sequence;java.util.regex.Pattern.atom,0.0000
com.sun.tools.javac.launcher.Main.main;com.sun.tools.javac.launcher.Main.run;com.sun.tools.javac.launcher.Main.compile;com.sun.tools.javac.api.JavacTaskImpl.call;com.sun.tools.javac.api.JavacTaskImpl.doCall;com.sun.tools.javac.api.JavacTaskImpl.invocationHelper;com.sun.tools.javac.api.JavacTaskImpl$$Lambda$84/0x00007fb674038248.call;com.sun.tools.javac.api.JavacTaskImpl.lambda$doCall$0;com.sun.tools.javac.main.JavaCompiler.compile;com.sun.tools.javac.main.JavaCompiler.generate;com.sun.tools.javac.main.JavaCompiler.generate;com.sun.tools.javac.main.JavaCompiler.genCode;com.sun.tools.javac.jvm.Gen.genClass;com.sun.tools.javac.jvm.Gen.genDef;com.sun.tools.javac.tree.JCTree$JCMethodDecl.accept;com.sun.tools.javac.jvm.Gen.visitMethodDef;com.sun.tools.javac.jvm.Gen.genMethod;com.sun.tools.javac.jvm.Gen.genStat;com.sun.tools.javac.jvm.Gen.genDef;com.sun.tools.javac.tree.JCTree$JCBlock.accept;com.sun.tools.javac.jvm.Gen.visitBlock;com.sun.tools.javac.jvm.Gen.genStats;com.sun.tools.javac.jvm.Gen.genStat;com.sun.tools.javac.jvm.Gen.genStat;com.sun.tools.javac.jvm.Gen.genDef;com.sun.tools.javac.tree.JCTree$JCForLoop.accept;com.sun.tools.javac.jvm.Gen.visitForLoop;com.sun.tools.javac.jvm.Gen.genLoop;com.sun.tools.javac.jvm.Gen.genStat;com.sun.tools.javac.jvm.Gen.genStat;com.sun.tools.javac.jvm.Gen.genDef;com.sun.tools.javac.tree.JCTree$JCBlock.accept;com.sun.tools.javac.jvm.Gen.visitBlock;com.sun.tools.javac.jvm.Gen.genStats;com.sun.tools.javac.jvm.Gen.genStat;com.sun.tools.javac.jvm.Gen.genStat;com.sun.tools.javac.jvm.Gen.genDef;com.sun.tools.javac.tree.JCTree$JCExpressionStatement.accept;com.sun.tools.javac.jvm.Gen.visitExec;com.sun.tools.javac.jvm.Gen.genExpr;com.sun.tools.javac.tree.JCTree$JCMethodInvocation.accept;com.sun.tools.javac.jvm.Gen.visitApply;com.sun.tools.javac.jvm.Gen.genArgs;com.sun.tools.javac.jvm.Gen.genExpr;com.sun.tools.javac.tree.JCTree$JCBinary.accept;com.sun.tools.javac.jvm.Gen.visitBinary;com.sun.tools.javac.jvm.StringConcat$Indy.makeConcat;com.sun.tools.javac.jvm.StringConcat$IndyConstants.emit;com.sun.tools.javac.jvm.StringConcat$IndyConstants.doCall;com.sun.tools.javac.jvm.Items$DynamicItem.invoke;com.sun.tools.javac.jvm.Code.emitInvokedynamic;com.sun.tools.javac.jvm.PoolWriter.putDynamic;com.sun.tools.javac.jvm.PoolWriter$WriteablePoolHelper.writeIfNeeded;com.sun.tools.javac.jvm.PoolConstant$Dynamic.poolKey;com.sun.tools.javac.jvm.PoolConstant$Dynamic.bsmKey;com.sun.tools.javac.jvm.PoolConstant$Dynamic$BsmKey.<init>,0.0000
com.sun.tools.javac.launcher.Main.main;com.sun.tools.javac.launcher.Main.run;com.sun.tools.javac.launcher.Main.execute;java.lang.reflect.Method.invoke;jdk.internal.reflect.DelegatingMethodAccessorImpl.invoke;jdk.internal.reflect.NativeMethodAccessorImpl.invoke;jdk.internal.reflect.NativeMethodAccessorImpl.invoke0;HashMap2.main;java.util.HashMap.put;java.util.HashMap.putVal;java.util.HashMap.resize,0.0000
com.sun.tools.javac.launcher.Main.main;com.sun.tools.javac.launcher.Main.run;com.sun.tools.javac.launcher.Main.compile;com.sun.tools.javac.api.JavacTaskImpl.call;com.sun.tools.javac.api.JavacTaskImpl.doCall;com.sun.tools.javac.api.JavacTaskImpl.invocationHelper;com.sun.tools.javac.api.JavacTaskImpl$$Lambda$84/0x00007fb674038248.call;com.sun.tools.javac.api.JavacTaskImpl.lambda$doCall$0;com.sun.tools.javac.api.JavacTaskImpl.prepareCompiler;com.sun.tools.javac.api.BasicJavacTask.initPlugins;com.sun.tools.javac.processing.JavacProcessingEnvironment.instance;com.sun.tools.javac.processing.JavacProcessingEnvironment.<init>,0.0000
com.sun.tools.javac.launcher.Main.main;com.sun.tools.javac.launcher.Main.run;com.sun.tools.javac.launcher.Main.compile;com.sun.tools.javac.api.JavacTaskImpl.call;com.sun.tools.javac.api.JavacTaskImpl.doCall;com.sun.tools.javac.api.JavacTaskImpl.invocationHelper;com.sun.tools.javac.api.JavacTaskImpl$$Lambda$84/0x00007fb674038248.call;com.sun.tools.javac.api.JavacTaskImpl.lambda$doCall$0;com.sun.tools.javac.main.JavaCompiler.compile;com.sun.tools.javac.main.JavaCompiler.initModules;com.sun.tools.javac.comp.Modules.initModules;com.sun.tools.javac.comp.Modules.enter;com.sun.tools.javac.comp.Modules.setCompilationUnitModules;com.sun.tools.javac.comp.Modules.getUnnamedModuleCompleter;com.sun.tools.javac.code.ModuleFinder.findAllModules;com.sun.tools.javac.code.ModuleFinder.scanModulePath;com.sun.tools.javac.code.ModuleFinder$ModuleLocationIterator.hasNext;javax.tools.ForwardingJavaFileManager.listLocationsForModules;com.sun.tools.javac.file.JavacFileManager.listLocationsForModules;com.sun.tools.javac.file.Locations.listLocationsForModules;com.sun.tools.javac.file.Locations$SystemModulesLocationHandler.listLocationsForModules;com.sun.tools.javac.file.Locations$SystemModulesLocationHandler.initSystemModules;jdk.internal.jrtfs.JrtDirectoryStream.iterator;jdk.internal.jrtfs.JrtFileSystem.iteratorOf;java.util.stream.ReferencePipeline.iterator;java.util.stream.AbstractPipeline.spliterator;java.lang.invoke.MethodHandleNatives.linkMethodHandleConstant;java.lang.invoke.MethodHandles$Lookup.linkMethodHandleConstant;java.lang.invoke.MethodHandles$Lookup.resolveOrFail;java.lang.invoke.MemberName$Factory.resolveOrFail;java.lang.invoke.MemberName$Factory.resolve;java.lang.invoke.MethodHandleNatives.resolve,0.0000
com.sun.tools.javac.launcher.Main.main;com.sun.tools.javac.launcher.Main.run;com.sun.tools.javac.launcher.Main.execute;java.lang.reflect.Method.invoke;jdk.internal.reflect.DelegatingMethodAccessorImpl.invoke;jdk.internal.reflect.NativeMethodAccessorImpl.invoke;jdk.internal.reflect.NativeMethodAccessorImpl.invoke0;HashMap2.main;java.lang.invoke.Invokers$Holder.linkToTargetMethod;java.lang.invoke.LambdaForm$MH/0x00007fb67403dc00.invoke;java.lang.invoke.LambdaForm$MH/0x00007fb67403cc00.invoke;java.lang.invoke.DirectMethodHandle$Holder.invokeStatic;java.lang.StringConcatHelper.prepend;java.lang.StringConcatHelper.prepend,0.0000
com.sun.tools.javac.launcher.Main.main;com.sun.tools.javac.launcher.Main.run;com.sun.tools.javac.launcher.Main.compile;com.sun.tools.javac.api.JavacTaskImpl.call;com.sun.tools.javac.api.JavacTaskImpl.doCall;com.sun.tools.javac.api.JavacTaskImpl.invocationHelper;com.sun.tools.javac.api.JavacTaskImpl$$Lambda$84/0x00007fb674038248.call;com.sun.tools.javac.api.JavacTaskImpl.lambda$doCall$0;com.sun.tools.javac.main.JavaCompiler.compile;com.sun.tools.javac.main.JavaCompiler.attribute;com.sun.tools.javac.comp.Attr.attrib;com.sun.tools.javac.comp.Attr.attribClass;com.sun.tools.javac.comp.Attr.attribClass;com.sun.tools.javac.comp.Attr.isSerializable;com.sun.tools.javac.code.Type$ClassType.complete;com.sun.tools.javac.code.Symbol$ClassSymbol.complete;com.sun.tools.javac.code.Symbol.complete;com.sun.tools.javac.code.Symtab$1.complete;com.sun.tools.javac.code.ClassFinder$$Lambda$92/0x00007fb67409cc60.complete;com.sun.tools.javac.code.ClassFinder.complete;com.sun.tools.javac.code.ClassFinder.completeOwners;com.sun.tools.javac.code.Symbol.complete;com.sun.tools.javac.code.ClassFinder$$Lambda$92/0x00007fb67409cc60.complete;com.sun.tools.javac.code.ClassFinder.complete;com.sun.tools.javac.code.ClassFinder.fillIn;com.sun.tools.javac.code.ClassFinder.scanModulePaths;com.sun.tools.javac.code.ClassFinder.list;javax.tools.ForwardingJavaFileManager.list;com.sun.tools.javac.file.JavacFileManager.list;com.sun.tools.javac.file.JavacFileManager$DirectoryContainer.list;java.nio.file.Files.exists;jdk.internal.jrtfs.JrtFileSystemProvider.checkAccess;jdk.internal.jrtfs.JrtPath.checkAccess;jdk.internal.jrtfs.JrtFileSystem.checkNode;jdk.internal.jrtfs.JrtFileSystem.lookup;jdk.internal.jrtfs.SystemImage$1.findNode;jdk.internal.jimage.ImageReader.findNode;jdk.internal.jimage.ImageReader$SharedImageReader.findNode;jdk.internal.jimage.ImageReader$SharedImageReader.buildNode;jdk.internal.jimage.ImageReader$SharedImageReader.handleModulesSubTree;jdk.internal.jimage.ImageReader$SharedImageReader.visitLocation;jdk.internal.jimage.ImageReader$SharedImageReader$$Lambda$141/0x00007fb6740732e8.visit;jdk.internal.jimage.ImageReader$SharedImageReader.lambda$handleModulesSubTree$1;jdk.internal.jimage.ImageReader$SharedImageReader.newResource;jdk.internal.jimage.ImageReader$Resource.create;jdk.internal.jimage.ImageReader$Resource.<init>;jdk.internal.jimage.ImageLocation.getFullName;java.lang.StringBuilder.<init>,0.0000
com.sun.tools.javac.launcher.Main.main;com.sun.tools.javac.launcher.Main.run;com.sun.tools.javac.launcher.Main.compile;com.sun.tools.javac.api.JavacTaskImpl.call;com.sun.tools.javac.api.JavacTaskImpl.doCall;com.sun.tools.javac.api.JavacTaskImpl.invocationHelper;com.sun.tools.javac.api.JavacTaskImpl$$Lambda$84/0x00007fb674038248.call;com.sun.tools.javac.api.JavacTaskImpl.lambda$doCall$0;com.sun.tools.javac.api.JavacTaskImpl.prepareCompiler;com.sun.tools.javac.api.BasicJavacTask.initPlugins;com.sun.tools.javac.processing.JavacProcessingEnvironment.instance;com.sun.tools.javac.processing.JavacProcessingEnvironment.<init>;com.sun.tools.javac.main.JavaCompiler.instance;com.sun.tools.javac.main.JavaCompiler.<init>;java.lang.ClassLoader.loadClass;jdk.internal.loader.ClassLoaders$AppClassLoader.loadClass;jdk.internal.loader.BuiltinClassLoader.loadClass;jdk.internal.loader.BuiltinClassLoader.loadClassOrNull;jdk.internal.loader.BuiltinClassLoader.findClassInModuleOrNull;jdk.internal.loader.BuiltinClassLoader.defineClass;java.security.SecureClassLoader.defineClass;java.lang.ClassLoader.defineClass;java.lang.ClassLoader.defineClass2,0.0000
com.sun.tools.javac.launcher.Main.main;com.sun.tools.javac.launcher.Main.run;com.sun.tools.javac.launcher.Main.compile;com.sun.tools.javac.api.JavacTool.getStandardFileManager;com.sun.tools.javac.file.JavacFileManager.<init>;com.sun.tools.javac.file.JavacFileManager.setContext;com.sun.tools.javac.file.BaseFileManager.setContext;com.sun.tools.javac.util.Log.instance;com.sun.tools.javac.util.Log.<init>;com.sun.tools.javac.util.Log.<init>;com.sun.tools.javac.util.JCDiagnostic$Factory.instance;com.sun.tools.javac.util.JCDiagnostic$Factory.<init>;com.sun.tools.javac.util.JavacMessages.instance;com.sun.tools.javac.util.JavacMessages.<init>;com.sun.tools.javac.util.BasicDiagnosticFormatter.<init>;com.sun.tools.javac.util.AbstractDiagnosticFormatter.<init>;java.lang.ClassLoader.loadClass;jdk.internal.loader.ClassLoaders$AppClassLoader.loadClass;jdk.internal.loader.BuiltinClassLoader.loadClass;jdk.internal.loader.BuiltinClassLoader.loadClassOrNull;jdk.internal.loader.BuiltinClassLoader.findClassInModuleOrNull;jdk.internal.loader.BuiltinClassLoader.defineClass;java.security.SecureClassLoader.defineClass;java.lang.ClassLoader.defineClass;java.lang.ClassLoader.defineClass2;java.lang.ClassLoader.loadClass;jdk.internal.loader.ClassLoaders$AppClassLoader.loadClass;jdk.internal.loader.BuiltinClassLoader.loadClass;jdk.internal.loader.BuiltinClassLoader.loadClassOrNull;jdk.internal.loader.BuiltinClassLoader.findClassInModuleOrNull;jdk.internal.loader.BuiltinClassLoader.defineClass;java.security.SecureClassLoader.defineClass;java.lang.ClassLoader.defineClass;java.lang.ClassLoader.defineClass2,0.0000
com.sun.tools.javac.launcher.Main.main;com.sun.tools.javac.launcher.Main.run;com.sun.tools.javac.launcher.Main.compile;com.sun.tools.javac.api.JavacTaskImpl.call;com.sun.tools.javac.api.JavacTaskImpl.doCall;com.sun.tools.javac.api.JavacTaskImpl.invocationHelper;com.sun.tools.javac.api.JavacTaskImpl$$Lambda$84/0x00007fb674038248.call;com.sun.tools.javac.api.JavacTaskImpl.lambda$doCall$0;com.sun.tools.javac.main.JavaCompiler.compile;com.sun.tools.javac.main.JavaCompiler.enterTrees;com.sun.tools.javac.comp.Enter.main;com.sun.tools.javac.comp.Enter.complete;com.sun.tools.javac.code.Symbol$ClassSymbol.complete;com.sun.tools.javac.code.Symbol.complete;com.sun.tools.javac.comp.TypeEnter.complete;com.sun.tools.javac.comp.TypeEnter$Phase.completeEnvs;com.sun.tools.javac.comp.TypeEnter$Phase.doCompleteEnvs;com.sun.tools.javac.comp.TypeEnter$ImportsPhase.runPhase;com.sun.tools.javac.comp.TypeEnter$ImportsPhase.resolveImports;com.sun.tools.javac.comp.TypeEnter$ImportsPhase.doImport;com.sun.tools.javac.comp.Attr.attribImportQualifier;com.sun.tools.javac.comp.Attr.attribTree;com.sun.tools.javac.tree.JCTree$JCFieldAccess.accept;com.sun.tools.javac.comp.Attr.visitSelect;com.sun.tools.javac.comp.Attr.selectSym;com.sun.tools.javac.comp.Resolve.findIdentInPackage;com.sun.tools.javac.comp.Resolve.findIdentInPackageInternal;com.sun.tools.javac.comp.Resolve.lookupPackage;com.sun.tools.javac.code.Symbol$PackageSymbol.members;com.sun.tools.javac.code.Symbol.complete;com.sun.tools.javac.code.ClassFinder$$Lambda$92/0x00007fb67409cc60.complete;com.sun.tools.javac.code.ClassFinder.complete;com.sun.tools.javac.code.ClassFinder.fillIn;com.sun.tools.javac.code.ClassFinder.scanModulePaths;com.sun.tools.javac.code.ClassFinder.fillIn;com.sun.tools.javac.code.ClassFinder.includeClassFile;com.sun.tools.javac.code.Scope$ScopeImpl.enter;com.sun.tools.javac.code.Scope$ScopeListenerList.symbolAdded;com.sun.tools.javac.code.Scope$ScopeListenerList.walkReferences,0.0000
com.sun.tools.javac.launcher.Main.main;com.sun.tools.javac.launcher.Main.run;com.sun.tools.javac.launcher.Main.compile;com.sun.tools.javac.api.JavacTaskImpl.call;com.sun.tools.javac.api.JavacTaskImpl.doCall;com.sun.tools.javac.api.JavacTaskImpl.invocationHelper;com.sun.tools.javac.api.JavacTaskImpl$$Lambda$84/0x00007fb674038248.call;com.sun.tools.javac.api.JavacTaskImpl.lambda$doCall$0;com.sun.tools.javac.api.JavacTaskImpl.prepareCompiler;com.sun.tools.javac.api.BasicJavacTask.initPlugins;com.sun.tools.javac.processing.JavacProcessingEnvironment.<clinit>;java.util.regex.Pattern.compile;java.util.regex.Pattern.<init>;java.util.regex.Pattern.compile;java.util.regex.Pattern.expr;java.util.regex.Pattern.sequence;java.util.regex.Pattern.group0;java.util.regex.Pattern.expr;java.util.regex.Pattern.sequence;java.util.regex.Pattern.family;java.util.regex.CharPredicates.forProperty;java.util.regex.Pattern.ALL;java.lang.invoke.MethodHandleNatives.linkCallSite;java.lang.invoke.MethodHandleNatives.linkCallSiteImpl;java.lang.invoke.CallSite.makeSite;java.lang.invoke.BootstrapMethodInvoker.invoke;java.lang.invoke.Invokers$Holder.invokeExact_MT;java.lang.invoke.DirectMethodHandle$Holder.invokeStatic;java.lang.invoke.LambdaMetafactory.metafactory;java.lang.invoke.InnerClassLambdaMetafactory.buildCallSite;java.lang.reflect.Constructor.newInstance;java.lang.reflect.Constructor.newInstanceWithCaller;jdk.internal.reflect.DelegatingConstructorAccessorImpl.newInstance;jdk.internal.reflect.NativeConstructorAccessorImpl.newInstance;jdk.internal.reflect.NativeConstructorAccessorImpl.newInstance0,0.0000
com.sun.tools.javac.launcher.Main.main;com.sun.tools.javac.launcher.Main.run;com.sun.tools.javac.launcher.Main.compile;com.sun.tools.javac.api.JavacTaskImpl.call;com.sun.tools.javac.api.JavacTaskImpl.doCall;com.sun.tools.javac.api.JavacTaskImpl.invocationHelper;com.sun.tools.javac.api.JavacTaskImpl$$Lambda$84/0x00007fb674038248.call;com.sun.tools.javac.api.JavacTaskImpl.lambda$doCall$0;com.sun.tools.javac.api.JavacTaskImpl.prepareCompiler;com.sun.tools.javac.api.BasicJavacTask.initPlugins;com.sun.tools.javac.processing.JavacProcessingEnvironment.instance;com.sun.tools.javac.processing.JavacProcessingEnvironment.<init>;com.sun.tools.javac.main.JavaCompiler.instance;com.sun.tools.javac.main.JavaCompiler.<init>;com.sun.tools.javac.code.ClassFinder.instance;com.sun.tools.javac.code.ClassFinder.<init>;com.sun.tools.javac.jvm.ClassReader.instance;com.sun.tools.javac.jvm.ClassReader.<init>;com.sun.tools.javac.comp.Annotate.instance;com.sun.tools.javac.comp.Annotate.<init>;com.sun.tools.javac.comp.Attr.instance;com.sun.tools.javac.comp.Attr.<init>;com.sun.tools.javac.code.Symtab.instance;com.sun.tools.javac.code.Symtab.<init>;com.sun.tools.javac.comp.Modules.instance;com.sun.tools.javac.comp.Modules.<init>;com.sun.tools.javac.jvm.ClassWriter.instance;com.sun.tools.javac.jvm.ClassWriter.<init>;com.sun.tools.javac.jvm.Gen.instance;com.sun.tools.javac.jvm.Gen.<init>;com.sun.tools.javac.comp.Lower.instance;com.sun.tools.javac.comp.Lower.<init>;com.sun.tools.javac.comp.Operators.instance;com.sun.tools.javac.comp.Operators.<init>;com.sun.tools.javac.comp.Operators.initUnaryOperators;com.sun.tools.javac.comp.Operators$UnaryNumericOperator.<init>;java.lang.invoke.MethodHandleNatives.linkMethodHandleConstant;java.lang.invoke.MethodHandles$Lookup.linkMethodHandleConstant;java.lang.invoke.MethodHandles$Lookup.getDirectMethodForConstant;java.lang.invoke.MethodHandles$Lookup.getDirectMethodNoSecurityManager;java.lang.invoke.MethodHandles$Lookup.getDirectMethodCommon;java.lang.invoke.DirectMethodHandle.make;java.lang.invoke.MethodType.insertParameterTypes;java.lang.invoke.MethodType.makeImpl;java.lang.invoke.MethodType$ConcurrentWeakInternSet.add;java.util.concurrent.ConcurrentHashMap.putIfAbsent,0.0000
