java.lang.ref.Reference$ReferenceHandler.run;java.lang.ref.Reference.processPendingReferences;java.lang.ref.Reference.waitForReferencePendingList,28.3432
com.sun.tools.javac.launcher.Main.main;com.sun.tools.javac.launcher.Main.run;com.sun.tools.javac.launcher.Main.compile;com.sun.tools.javac.api.JavacTaskImpl.call;com.sun.tools.javac.api.JavacTaskImpl.doCall;com.sun.tools.javac.api.JavacTaskImpl.invocationHelper;com.sun.tools.javac.api.JavacTaskImpl$$Lambda$84/0x00007fceec038248.call;com.sun.tools.javac.api.JavacTaskImpl.lambda$doCall$0;com.sun.tools.javac.main.JavaCompiler.compile;com.sun.tools.javac.main.JavaCompiler.initModules;com.sun.tools.javac.comp.Modules.initModules;com.sun.tools.javac.comp.Modules.enter;com.sun.tools.javac.comp.Modules$$Lambda$137/0x00007fceec109000.accept;com.sun.tools.javac.comp.Modules.lambda$initModules$0;com.sun.tools.javac.comp.Modules.setupAllModules;com.sun.tools.javac.comp.Modules$$Lambda$149/0x00007fceec1112d0.test;com.sun.tools.javac.comp.Modules.lambda$setupAllModules$8;com.sun.tools.javac.code.Symbol.complete;com.sun.tools.javac.code.Symtab$$Lambda$95/0x00007fceec0b68c8.complete;com.sun.tools.javac.code.Symtab.lambda$enterModule$9;com.sun.tools.javac.comp.Modules$1.complete;com.sun.tools.javac.code.Symbol$ClassSymbol.complete;com.sun.tools.javac.code.Symbol.complete;com.sun.tools.javac.code.ModuleFinder$1.complete;com.sun.tools.javac.code.ClassFinder.fillIn;com.sun.tools.javac.jvm.ClassReader.readClassFile;com.sun.tools.javac.jvm.ClassReader.readClassBuffer;com.sun.tools.javac.jvm.ClassReader.readClass;com.sun.tools.javac.jvm.ClassReader.readClassAttrs;com.sun.tools.javac.jvm.ClassReader.readAttrs;com.sun.tools.javac.jvm.ClassReader$24.read;java.lang.invoke.Invokers$Holder.linkToTargetMethod;java.lang.invoke.DirectMethodHandle$Holder.newInvokeSpecial;com.sun.tools.javac.jvm.ClassReader$24$$Lambda$151/0x00007fceec112378.<init>,0.0000
com.sun.tools.javac.launcher.Main.main;com.sun.tools.javac.launcher.Main.run;com.sun.tools.javac.launcher.Main.execute;java.lang.reflect.Method.invoke;jdk.internal.reflect.DelegatingMethodAccessorImpl.invoke;jdk.internal.reflect.NativeMethodAccessorImpl.invoke;jdk.internal.reflect.NativeMethodAccessorImpl.invoke0;LinkedHashMap2.main;java.util.HashMap.put,0.0000
com.sun.tools.javac.launcher.Main.main;com.sun.tools.javac.launcher.Main.run;com.sun.tools.javac.launcher.Main.compile;com.sun.tools.javac.api.JavacTaskImpl.call;com.sun.tools.javac.api.JavacTaskImpl.doCall;com.sun.tools.javac.api.JavacTaskImpl.invocationHelper;com.sun.tools.javac.api.JavacTaskImpl$$Lambda$84/0x00007fceec038248.call;com.sun.tools.javac.api.JavacTaskImpl.lambda$doCall$0;com.sun.tools.javac.api.JavacTaskImpl.prepareCompiler;com.sun.tools.javac.api.BasicJavacTask.initPlugins;com.sun.tools.javac.processing.JavacProcessingEnvironment.instance;com.sun.tools.javac.processing.JavacProcessingEnvironment.<init>;com.sun.tools.javac.main.JavaCompiler.instance;com.sun.tools.javac.main.JavaCompiler.<init>;com.sun.tools.javac.code.ClassFinder.instance;com.sun.tools.javac.code.ClassFinder.<init>;java.lang.ClassLoader.loadClass;jdk.internal.loader.ClassLoaders$AppClassLoader.loadClass;jdk.internal.loader.BuiltinClassLoader.loadClass;jdk.internal.loader.BuiltinClassLoader.loadClassOrNull;jdk.internal.loader.BuiltinClassLoader.findClassInModuleOrNull;jdk.internal.loader.BuiltinClassLoader.defineClass;java.security.SecureClassLoader.defineClass;java.lang.ClassLoader.defineClass;java.lang.ClassLoader.defineClass2,0.0000
sun.launcher.LauncherHelper.checkAndLoadMain;sun.launcher.LauncherHelper.validateMainClass;java.lang.Class.getMethod;java.lang.Class.getMethod0;java.lang.Class.getMethodsRecursive;java.lang.Class.privateGetDeclaredMethods;java.lang.Class.getDeclaredMethods0,0.0000
com.sun.tools.javac.launcher.Main.main;com.sun.tools.javac.launcher.Main.run;com.sun.tools.javac.launcher.Main.execute;java.lang.reflect.Method.invoke;jdk.internal.reflect.DelegatingMethodAccessorImpl.invoke;jdk.internal.reflect.NativeMethodAccessorImpl.invoke;jdk.internal.reflect.NativeMethodAccessorImpl.invoke0;LinkedHashMap2.main;java.lang.invoke.Invokers$Holder.linkToTargetMethod;java.lang.invoke.LambdaForm$MH/0x00007fceec03dc00.invoke;java.lang.invoke.LambdaForm$MH/0x00007fceec03cc00.invoke;java.lang.invoke.DirectMethodHandle$Holder.invokeStatic;java.lang.StringConcatHelper.prepend;java.lang.StringConcatHelper.prepend;java.lang.Integer.getChars,0.0000
com.sun.tools.javac.launcher.Main.main;com.sun.tools.javac.launcher.Main.run;com.sun.tools.javac.launcher.Main.compile;com.sun.tools.javac.api.JavacTaskImpl.call;com.sun.tools.javac.api.JavacTaskImpl.doCall;com.sun.tools.javac.api.JavacTaskImpl.invocationHelper;com.sun.tools.javac.api.JavacTaskImpl$$Lambda$84/0x00007fceec038248.call;com.sun.tools.javac.api.JavacTaskImpl.lambda$doCall$0;com.sun.tools.javac.main.JavaCompiler.compile;com.sun.tools.javac.main.JavaCompiler.enterTrees;com.sun.tools.javac.comp.Enter.main;com.sun.tools.javac.comp.Enter.complete;com.sun.tools.javac.code.Symbol$ClassSymbol.complete;com.sun.tools.javac.code.Symbol.complete;com.sun.tools.javac.comp.TypeEnter.complete;com.sun.tools.javac.comp.TypeEnter$Phase.completeEnvs;com.sun.tools.javac.comp.TypeEnter$Phase.doCompleteEnvs;com.sun.tools.javac.comp.TypeEnter$ImportsPhase.runPhase;com.sun.tools.javac.comp.TypeEnter$ImportsPhase.resolveImports;com.sun.tools.javac.comp.TypeEnter$ImportsPhase.doImport;com.sun.tools.javac.comp.Attr.attribImportQualifier;com.sun.tools.javac.comp.Attr.attribTree;com.sun.tools.javac.tree.JCTree$JCFieldAccess.accept;com.sun.tools.javac.comp.Attr.visitSelect;com.sun.tools.javac.comp.Attr.attribTree;com.sun.tools.javac.tree.JCTree$JCIdent.accept;com.sun.tools.javac.comp.Attr.visitIdent;com.sun.tools.javac.comp.Resolve.resolveIdent;com.sun.tools.javac.comp.Resolve.findIdent;com.sun.tools.javac.comp.Resolve.findIdentInternal;com.sun.tools.javac.comp.Resolve.lookupPackage;com.sun.tools.javac.code.Symtab.lookupPackage;com.sun.tools.javac.code.Symtab.lookupPackage;java.lang.invoke.MethodHandleNatives.linkCallSite;java.lang.invoke.MethodHandleNatives.linkCallSiteImpl;java.lang.invoke.CallSite.makeSite;java.lang.invoke.BootstrapMethodInvoker.invoke;java.lang.invoke.Invokers$Holder.invokeExact_MT;java.lang.invoke.LambdaForm$DMH/0x00007fceec108800.invokeStatic;java.lang.invoke.LambdaMetafactory.metafactory;java.lang.invoke.InnerClassLambdaMetafactory.buildCallSite;java.lang.invoke.InnerClassLambdaMetafactory.spinInnerClass;java.lang.invoke.InnerClassLambdaMetafactory.generateInnerClass;java.lang.invoke.MethodHandles$Lookup.defineHiddenClass;java.lang.invoke.MethodHandles$Lookup$ClassDefiner.defineClassAsLookup;java.lang.invoke.MethodHandles$Lookup$ClassDefiner.defineClass;java.lang.System$2.defineClass;java.lang.ClassLoader.defineClass0,0.0000
com.sun.tools.javac.launcher.Main.main;com.sun.tools.javac.launcher.Main.run;com.sun.tools.javac.launcher.Main.compile;com.sun.tools.javac.api.JavacTaskImpl.call;com.sun.tools.javac.api.JavacTaskImpl.doCall;com.sun.tools.javac.api.JavacTaskImpl.invocationHelper;com.sun.tools.javac.api.JavacTaskImpl$$Lambda$84/0x00007fceec038248.call;com.sun.tools.javac.api.JavacTaskImpl.lambda$doCall$0;com.sun.tools.javac.main.JavaCompiler.compile;com.sun.tools.javac.main.JavaCompiler.initModules;com.sun.tools.javac.comp.Modules.initModules;com.sun.tools.javac.comp.Modules.enter;com.sun.tools.javac.comp.Modules.setCompilationUnitModules;com.sun.tools.javac.comp.Modules.getUnnamedModuleCompleter;com.sun.tools.javac.code.ModuleFinder.findAllModules;com.sun.tools.javac.code.ModuleFinder.scanModulePath;javax.tools.ForwardingJavaFileManager.inferModuleName;com.sun.tools.javac.file.JavacFileManager.inferModuleName;com.sun.tools.javac.file.JavacFileManager.checkNotModuleOrientedLocation;javax.tools.JavaFileManager$Location.isModuleOrientedLocation;java.lang.String.matches;java.util.regex.Pattern.matches;java.util.regex.Pattern.compile;java.util.regex.Pattern.<init>;java.util.regex.Pattern.compile;java.util.regex.Pattern.expr;java.util.regex.Pattern.sequence;java.util.regex.Pattern.atom;java.util.regex.Pattern.escape,0.0000
com.sun.tools.javac.launcher.Main.main;com.sun.tools.javac.launcher.Main.run;com.sun.tools.javac.launcher.Main.compile;com.sun.tools.javac.api.JavacTaskImpl.call;com.sun.tools.javac.api.JavacTaskImpl.doCall;com.sun.tools.javac.api.JavacTaskImpl.invocationHelper;com.sun.tools.javac.api.JavacTaskImpl$$Lambda$84/0x00007fceec038248.call;com.sun.tools.javac.api.JavacTaskImpl.lambda$doCall$0;com.sun.tools.javac.main.JavaCompiler.compile;com.sun.tools.javac.main.JavaCompiler.attribute;com.sun.tools.javac.comp.Attr.attrib;com.sun.tools.javac.comp.Attr.attribClass;com.sun.tools.javac.comp.Attr.attribClass;com.sun.tools.javac.comp.Attr.attribClassBody;com.sun.tools.javac.comp.Attr.attribStat;com.sun.tools.javac.comp.Attr.attribTree;com.sun.tools.javac.tree.JCTree$JCMethodDecl.accept;com.sun.tools.javac.comp.Attr.visitMethodDef;com.sun.tools.javac.comp.Attr.attribStat;com.sun.tools.javac.comp.Attr.attribTree;com.sun.tools.javac.tree.JCTree$JCBlock.accept;com.sun.tools.javac.comp.Attr.visitBlock;com.sun.tools.javac.comp.Attr.attribStats;com.sun.tools.javac.comp.Attr.attribStat;com.sun.tools.javac.comp.Attr.attribTree;com.sun.tools.javac.tree.JCTree$JCForLoop.accept;com.sun.tools.javac.comp.Attr.visitForLoop;com.sun.tools.javac.comp.Attr.attribStat;com.sun.tools.javac.comp.Attr.attribTree;com.sun.tools.javac.tree.JCTree$JCBlock.accept;com.sun.tools.javac.comp.Attr.visitBlock;com.sun.tools.javac.comp.Attr.attribStats;com.sun.tools.javac.comp.Attr.attribStat;com.sun.tools.javac.comp.Attr.attribTree;com.sun.tools.javac.tree.JCTree$JCExpressionStatement.accept;com.sun.tools.javac.comp.Attr.visitExec;com.sun.tools.javac.comp.Attr.attribExpr;com.sun.tools.javac.comp.Attr.attribTree;com.sun.tools.javac.tree.JCTree$JCMethodInvocation.accept;com.sun.tools.javac.comp.Attr.visitApply;com.sun.tools.javac.comp.Attr.attribArgs;com.sun.tools.javac.comp.Attr.attribTree;com.sun.tools.javac.comp.ArgumentAttr.attribArg;com.sun.tools.javac.tree.JCTree$JCBinary.accept;com.sun.tools.javac.tree.JCTree$Visitor.visitBinary;com.sun.tools.javac.comp.ArgumentAttr.visitTree;com.sun.tools.javac.tree.JCTree$JCBinary.accept;com.sun.tools.javac.comp.Attr.visitBinary;com.sun.tools.javac.comp.Operators.resolveBinary;com.sun.tools.javac.comp.Operators.resolve;java.util.stream.ReferencePipeline.findFirst;java.util.stream.AbstractPipeline.evaluate;java.util.stream.FindOps$FindOp.evaluateSequential;java.util.stream.AbstractPipeline.wrapAndCopyInto;java.util.stream.AbstractPipeline.copyInto;java.util.stream.AbstractPipeline.copyIntoWithCancel;java.util.stream.ReferencePipeline.forEachWithCancel;java.util.Spliterators$IteratorSpliterator.tryAdvance;java.util.stream.ReferencePipeline$2$1.accept;com.sun.tools.javac.comp.Operators$$Lambda$215/0x00007fceec12a448.test;com.sun.tools.javac.comp.Operators.lambda$resolveBinary$3;com.sun.tools.javac.comp.Operators$BinaryNumericOperator.test;com.sun.tools.javac.comp.Operators$BinaryNumericOperator.test;com.sun.tools.javac.comp.Operators.unaryPromotion;com.sun.tools.javac.code.Types.unboxedTypeOrType;com.sun.tools.javac.code.Types.unboxedType;com.sun.tools.javac.code.Types.asSuper;com.sun.tools.javac.code.Types$DefaultTypeVisitor.visit;com.sun.tools.javac.code.Type$ClassType.accept;com.sun.tools.javac.code.Types$12.visitClassType;com.sun.tools.javac.code.Types$12.visitClassType;com.sun.tools.javac.code.Types.asSuper;com.sun.tools.javac.code.Types$DefaultTypeVisitor.visit;com.sun.tools.javac.code.Type$ClassType.accept;com.sun.tools.javac.code.Types$12.visitClassType;com.sun.tools.javac.code.Types$12.visitClassType;com.sun.tools.javac.code.Symbol$ClassSymbol.flags;com.sun.tools.javac.code.Symbol$ClassSymbol.complete;com.sun.tools.javac.code.Symbol.complete;com.sun.tools.javac.code.Symtab$2.complete;com.sun.tools.javac.code.ClassFinder$$Lambda$92/0x00007fceec09cc60.complete;com.sun.tools.javac.code.ClassFinder.complete;com.sun.tools.javac.code.ClassFinder.fillIn;com.sun.tools.javac.jvm.ClassReader.readClassFile;com.sun.tools.javac.jvm.ClassReader.readClassBuffer;com.sun.tools.javac.jvm.ClassReader.readClass;com.sun.tools.javac.jvm.ClassReader.enterMember;com.sun.tools.javac.code.Scope$ScopeImpl.enter;com.sun.tools.javac.code.Scope$ScopeImpl.dble,0.0000
com.sun.tools.javac.launcher.Main.main;com.sun.tools.javac.launcher.Main.run;com.sun.tools.javac.launcher.Main.compile;com.sun.tools.javac.api.JavacTaskImpl.call;com.sun.tools.javac.api.JavacTaskImpl.doCall;com.sun.tools.javac.api.JavacTaskImpl.invocationHelper;com.sun.tools.javac.api.JavacTaskImpl$$Lambda$84/0x00007fceec038248.call;com.sun.tools.javac.api.JavacTaskImpl.lambda$doCall$0;com.sun.tools.javac.api.JavacTaskImpl.prepareCompiler;com.sun.tools.javac.api.BasicJavacTask.initPlugins;com.sun.tools.javac.processing.JavacProcessingEnvironment.instance;com.sun.tools.javac.processing.JavacProcessingEnvironment.<init>;com.sun.tools.javac.main.JavaCompiler.instance;com.sun.tools.javac.main.JavaCompiler.<init>;com.sun.tools.javac.code.ClassFinder.instance;com.sun.tools.javac.code.ClassFinder.<init>;com.sun.tools.javac.jvm.ClassReader.instance;com.sun.tools.javac.jvm.ClassReader.<init>;com.sun.tools.javac.comp.Annotate.instance;com.sun.tools.javac.comp.Annotate.<init>;com.sun.tools.javac.comp.Attr.instance;com.sun.tools.javac.comp.Attr.<init>;com.sun.tools.javac.code.Symtab.instance;com.sun.tools.javac.code.Symtab.<init>;com.sun.tools.javac.comp.Modules.instance;com.sun.tools.javac.comp.Modules.<init>;com.sun.tools.javac.comp.Check.instance;com.sun.tools.javac.comp.Check.<init>;com.sun.tools.javac.comp.Resolve.instance;com.sun.tools.javac.comp.Resolve.<init>;com.sun.tools.javac.comp.AttrRecover.instance;com.sun.tools.javac.comp.AttrRecover.<init>;com.sun.tools.javac.comp.DeferredAttr.instance;com.sun.tools.javac.comp.DeferredAttr.<init>;com.sun.tools.javac.comp.Enter.instance;com.sun.tools.javac.comp.Enter.<init>;com.sun.tools.javac.tree.TreeMaker.instance;com.sun.tools.javac.tree.TreeMaker.<init>,0.0000
com.sun.tools.javac.launcher.Main.main;com.sun.tools.javac.launcher.Main.run;com.sun.tools.javac.launcher.Main.execute;java.lang.reflect.Method.invoke;jdk.internal.reflect.DelegatingMethodAccessorImpl.invoke;jdk.internal.reflect.NativeMethodAccessorImpl.invoke;jdk.internal.reflect.NativeMethodAccessorImpl.invoke0;LinkedHashMap2.main;java.util.HashMap.remove,0.0000
com.sun.tools.javac.launcher.Main.main;com.sun.tools.javac.launcher.Main.run;com.sun.tools.javac.launcher.Main.compile;com.sun.tools.javac.api.JavacTaskImpl.call;com.sun.tools.javac.api.JavacTaskImpl.doCall;com.sun.tools.javac.api.JavacTaskImpl.invocationHelper;com.sun.tools.javac.api.JavacTaskImpl$$Lambda$84/0x00007fceec038248.call;com.sun.tools.javac.api.JavacTaskImpl.lambda$doCall$0;com.sun.tools.javac.main.JavaCompiler.compile;com.sun.tools.javac.main.JavaCompiler.enterTrees;com.sun.tools.javac.main.JavaCompiler.enterDone;com.sun.tools.javac.comp.Annotate.enterDone;com.sun.tools.javac.comp.Annotate.unblockAnnotations;com.sun.tools.javac.comp.Annotate.flush;com.sun.tools.javac.jvm.ClassReader$AnnotationCompleter.run;com.sun.tools.javac.jvm.ClassReader$AnnotationDeproxy.deproxyCompoundList;com.sun.tools.javac.jvm.ClassReader$AnnotationDeproxy.deproxyCompound;com.sun.tools.javac.jvm.ClassReader$AnnotationDeproxy.findAccessMethod;com.sun.tools.javac.code.Symbol$ClassSymbol.members;com.sun.tools.javac.code.Symbol$ClassSymbol.complete;com.sun.tools.javac.code.Symbol.complete;com.sun.tools.javac.code.ClassFinder$$Lambda$92/0x00007fceec09cc60.complete;com.sun.tools.javac.code.ClassFinder.complete;com.sun.tools.javac.code.ClassFinder.fillIn;com.sun.tools.javac.jvm.ClassReader.readClassFile;com.sun.tools.javac.jvm.ClassReader.readClassBuffer;com.sun.tools.javac.jvm.ClassReader.readClass;com.sun.tools.javac.jvm.ClassReader.readClassAttrs;com.sun.tools.javac.jvm.ClassReader.readAttrs;com.sun.tools.javac.jvm.ClassReader$15.read;com.sun.tools.javac.jvm.ClassReader.attachAnnotations;com.sun.tools.javac.jvm.ClassReader.readAnnotations;com.sun.tools.javac.jvm.ClassReader.readCompoundAnnotation;com.sun.tools.javac.jvm.ClassReader.readAttributeValue;com.sun.tools.javac.jvm.ClassReader$EnumAttributeProxy.<init>,0.0000
com.sun.tools.javac.launcher.Main.main;com.sun.tools.javac.launcher.Main.run;com.sun.tools.javac.launcher.Main.compile;com.sun.tools.javac.api.JavacTaskImpl.call;com.sun.tools.javac.api.JavacTaskImpl.doCall;com.sun.tools.javac.api.JavacTaskImpl.invocationHelper;com.sun.tools.javac.api.JavacTaskImpl$$Lambda$84/0x00007fceec038248.call;com.sun.tools.javac.api.JavacTaskImpl.lambda$doCall$0;com.sun.tools.javac.main.JavaCompiler.compile;com.sun.tools.javac.main.JavaCompiler.enterTrees;com.sun.tools.javac.comp.Enter.main;com.sun.tools.javac.comp.Enter.complete;com.sun.tools.javac.code.Symbol$ClassSymbol.complete;com.sun.tools.javac.code.Symbol.complete;com.sun.tools.javac.comp.TypeEnter.complete;com.sun.tools.javac.comp.TypeEnter$Phase.completeEnvs;com.sun.tools.javac.comp.TypeEnter$Phase.doCompleteEnvs;com.sun.tools.javac.comp.TypeEnter$ImportsPhase.runPhase;com.sun.tools.javac.comp.TypeEnter$ImportsPhase.resolveImports;com.sun.tools.javac.code.Symbol$PackageSymbol.members;com.sun.tools.javac.code.Symbol.complete;com.sun.tools.javac.code.ClassFinder$$Lambda$92/0x00007fceec09cc60.complete;com.sun.tools.javac.code.ClassFinder.complete;com.sun.tools.javac.code.ClassFinder.fillIn;com.sun.tools.javac.code.ClassFinder.scanModulePaths;com.sun.tools.javac.code.ClassFinder.fillIn;com.sun.tools.javac.code.ClassFinder.includeClassFile;javax.tools.ForwardingJavaFileManager.inferBinaryName;com.sun.tools.javac.file.JavacFileManager.inferBinaryName;com.sun.tools.javac.file.JavacFileManager.checkNotModuleOrientedLocation;javax.tools.JavaFileManager$Location.isModuleOrientedLocation;java.lang.String.matches;java.util.regex.Pattern.matches;java.util.regex.Pattern.compile;java.util.regex.Pattern.<init>;java.util.regex.Pattern.compile;java.lang.String.codePointAt,0.0000
com.sun.tools.javac.launcher.Main.main;com.sun.tools.javac.launcher.Main.run;com.sun.tools.javac.launcher.Main.compile;com.sun.tools.javac.api.JavacTaskImpl.call;com.sun.tools.javac.api.JavacTaskImpl.doCall;com.sun.tools.javac.api.JavacTaskImpl.invocationHelper;com.sun.tools.javac.api.JavacTaskImpl$$Lambda$84/0x00007fceec038248.call;com.sun.tools.javac.api.JavacTaskImpl.lambda$doCall$0;com.sun.tools.javac.api.JavacTaskImpl.prepareCompiler;com.sun.tools.javac.api.BasicJavacTask.initPlugins;com.sun.tools.javac.processing.JavacProcessingEnvironment.instance;com.sun.tools.javac.processing.JavacProcessingEnvironment.<init>;com.sun.tools.javac.main.JavaCompiler.instance;com.sun.tools.javac.main.JavaCompiler.<init>;com.sun.tools.javac.code.ClassFinder.instance;com.sun.tools.javac.code.ClassFinder.<init>;com.sun.tools.javac.jvm.ClassReader.instance;com.sun.tools.javac.jvm.ClassReader.<init>;com.sun.tools.javac.comp.Annotate.instance;com.sun.tools.javac.comp.Annotate.<init>;com.sun.tools.javac.comp.Attr.instance;com.sun.tools.javac.comp.Attr.<init>;java.lang.ClassLoader.loadClass;jdk.internal.loader.ClassLoaders$AppClassLoader.loadClass;jdk.internal.loader.BuiltinClassLoader.loadClass;jdk.internal.loader.BuiltinClassLoader.loadClassOrNull;jdk.internal.loader.BuiltinClassLoader.findClassInModuleOrNull;jdk.internal.loader.BuiltinClassLoader.defineClass;java.security.SecureClassLoader.defineClass;java.lang.ClassLoader.defineClass;java.lang.ClassLoader.defineClass2,0.0000
com.sun.tools.javac.launcher.Main.main;com.sun.tools.javac.launcher.Main.run;com.sun.tools.javac.launcher.Main.compile;com.sun.tools.javac.api.JavacTool.getStandardFileManager;com.sun.tools.javac.file.JavacFileManager.<init>;com.sun.tools.javac.file.JavacFileManager.setContext;com.sun.tools.javac.file.BaseFileManager.setContext;com.sun.tools.javac.util.Log.instance;com.sun.tools.javac.util.Log.<init>;com.sun.tools.javac.util.Log.<init>;com.sun.tools.javac.util.JCDiagnostic$Factory.instance;com.sun.tools.javac.util.JCDiagnostic$Factory.<init>;com.sun.tools.javac.util.JavacMessages.instance;com.sun.tools.javac.util.JavacMessages.<init>;com.sun.tools.javac.util.BasicDiagnosticFormatter.<init>;com.sun.tools.javac.util.AbstractDiagnosticFormatter.<init>;java.lang.ClassLoader.loadClass;jdk.internal.loader.ClassLoaders$AppClassLoader.loadClass;jdk.internal.loader.BuiltinClassLoader.loadClass;jdk.internal.loader.BuiltinClassLoader.loadClassOrNull;jdk.internal.loader.BuiltinClassLoader.findClassInModuleOrNull;jdk.internal.loader.BuiltinClassLoader.defineClass;java.security.SecureClassLoader.defineClass;java.lang.ClassLoader.defineClass;java.lang.ClassLoader.defineClass2;java.lang.ClassLoader.loadClass;jdk.internal.loader.ClassLoaders$AppClassLoader.loadClass;jdk.internal.loader.BuiltinClassLoader.loadClass;jdk.internal.loader.BuiltinClassLoader.loadClassOrNull;jdk.internal.loader.BuiltinClassLoader.loadClassOrNull;jdk.internal.loader.BuiltinClassLoader.loadClassOrNull;jdk.internal.loader.BuiltinClassLoader.findClassInModuleOrNull;jdk.internal.loader.BuiltinClassLoader.defineClass;java.security.SecureClassLoader.defineClass;java.lang.ClassLoader.defineClass;java.lang.ClassLoader.defineClass2;java.lang.ClassLoader.loadClass;jdk.internal.loader.BuiltinClassLoader.loadClass;jdk.internal.loader.BuiltinClassLoader.loadClassOrNull;jdk.internal.loader.BuiltinClassLoader.findClassInModuleOrNull;jdk.internal.loader.BuiltinClassLoader.defineClass;jdk.internal.module.SystemModuleFinders$SystemModuleReader.read;jdk.internal.module.SystemModuleFinders$SystemModuleReader.findImageLocation;jdk.internal.jimage.ImageReader.findLocation;jdk.internal.jimage.BasicImageReader.findLocation;jdk.internal.jimage.ImageLocation.verify;jdk.internal.jimage.ImageLocation.verifyName;jdk.internal.jimage.ImageStringsReader.match;jdk.internal.jimage.BasicImageReader.match;jdk.internal.jimage.ImageStringsReader.stringFromByteBufferMatches,0.0000
com.sun.tools.javac.launcher.Main.main;com.sun.tools.javac.launcher.Main.run;com.sun.tools.javac.launcher.Main.compile;com.sun.tools.javac.api.JavacTaskImpl.call;com.sun.tools.javac.api.JavacTaskImpl.doCall;com.sun.tools.javac.api.JavacTaskImpl.invocationHelper;com.sun.tools.javac.api.JavacTaskImpl$$Lambda$84/0x00007fceec038248.call;com.sun.tools.javac.api.JavacTaskImpl.lambda$doCall$0;com.sun.tools.javac.main.JavaCompiler.compile;com.sun.tools.javac.main.JavaCompiler.enterTrees;com.sun.tools.javac.comp.Enter.main;com.sun.tools.javac.comp.Enter.complete;com.sun.tools.javac.code.Symbol$ClassSymbol.complete;com.sun.tools.javac.code.Symbol.complete;com.sun.tools.javac.comp.TypeEnter.complete;com.sun.tools.javac.comp.TypeEnter$Phase.completeEnvs;com.sun.tools.javac.comp.TypeEnter$Phase.completeEnvs;com.sun.tools.javac.comp.TypeEnter$Phase.completeEnvs;com.sun.tools.javac.comp.TypeEnter$Phase.completeEnvs;com.sun.tools.javac.comp.TypeEnter$Phase.completeEnvs;com.sun.tools.javac.comp.TypeEnter$Phase.completeEnvs;com.sun.tools.javac.comp.TypeEnter$AbstractMembersPhase.doCompleteEnvs;com.sun.tools.javac.comp.TypeEnter$Phase.doCompleteEnvs;com.sun.tools.javac.comp.TypeEnter$MembersPhase.runPhase;com.sun.tools.javac.comp.TypeEnter$MembersPhase.finishClass;com.sun.tools.javac.comp.MemberEnter.memberEnter;com.sun.tools.javac.comp.MemberEnter.memberEnter;com.sun.tools.javac.tree.JCTree$JCMethodDecl.accept;com.sun.tools.javac.comp.MemberEnter.visitMethodDef;com.sun.tools.javac.comp.MemberEnter.signature;com.sun.tools.javac.comp.MemberEnter.memberEnter;com.sun.tools.javac.tree.JCTree$JCVariableDecl.accept;com.sun.tools.javac.comp.MemberEnter.visitVarDef;com.sun.tools.javac.comp.Attr.attribType;com.sun.tools.javac.comp.Attr.attribType;com.sun.tools.javac.comp.Attr.attribTree;com.sun.tools.javac.tree.JCTree$JCArrayTypeTree.accept;com.sun.tools.javac.comp.Attr.visitTypeArray;com.sun.tools.javac.comp.Attr.attribType;com.sun.tools.javac.comp.Attr.attribType;com.sun.tools.javac.comp.Attr.attribTree;com.sun.tools.javac.tree.JCTree$JCIdent.accept;com.sun.tools.javac.comp.Attr.visitIdent;com.sun.tools.javac.comp.Resolve.resolveIdent;com.sun.tools.javac.comp.Resolve.findIdent;com.sun.tools.javac.comp.Resolve.findIdentInternal;com.sun.tools.javac.comp.Resolve.findType;com.sun.tools.javac.comp.Resolve.findGlobalType;com.sun.tools.javac.util.Iterators$CompoundIterator.hasNext;com.sun.tools.javac.util.Iterators$CompoundIterator.update;com.sun.tools.javac.code.Scope$CompoundScope$$Lambda$189/0x00007fceec11e680.apply;com.sun.tools.javac.code.Scope$CompoundScope.lambda$getSymbolsByName$2;com.sun.tools.javac.code.Scope$FilterImportScope.getSymbolsByName;java.lang.invoke.MethodHandleNatives.linkMethodHandleConstant;java.lang.invoke.MethodHandles$Lookup.linkMethodHandleConstant;java.lang.invoke.MethodHandles$Lookup.getDirectMethodForConstant;java.lang.invoke.MethodHandles$Lookup.getDirectMethodNoSecurityManager;java.lang.invoke.MethodHandles$Lookup.getDirectMethodCommon;java.lang.invoke.DirectMethodHandle.make;java.lang.invoke.MemberName.isField,0.0000
com.sun.tools.javac.launcher.Main.main;com.sun.tools.javac.launcher.Main.run;com.sun.tools.javac.launcher.Main.compile;com.sun.tools.javac.api.JavacTaskImpl.call;com.sun.tools.javac.api.JavacTaskImpl.doCall;com.sun.tools.javac.api.JavacTaskImpl.invocationHelper;com.sun.tools.javac.api.JavacTaskImpl$$Lambda$84/0x00007fceec038248.call;com.sun.tools.javac.api.JavacTaskImpl.lambda$doCall$0;com.sun.tools.javac.api.JavacTaskImpl.prepareCompiler;com.sun.tools.javac.api.BasicJavacTask.initPlugins;com.sun.tools.javac.processing.JavacProcessingEnvironment.instance;com.sun.tools.javac.processing.JavacProcessingEnvironment.<init>;com.sun.tools.javac.main.JavaCompiler.instance;com.sun.tools.javac.main.JavaCompiler.<init>;com.sun.tools.javac.code.ClassFinder.instance;com.sun.tools.javac.code.ClassFinder.<init>;com.sun.tools.javac.jvm.ClassReader.instance;com.sun.tools.javac.jvm.ClassReader.<init>;com.sun.tools.javac.comp.Annotate.instance;com.sun.tools.javac.comp.Annotate.<init>;com.sun.tools.javac.comp.Attr.instance;com.sun.tools.javac.comp.Attr.<init>;com.sun.tools.javac.code.Symtab.instance;com.sun.tools.javac.code.Symtab.<init>;com.sun.tools.javac.comp.Modules.instance;com.sun.tools.javac.comp.Modules.<init>;com.sun.tools.javac.comp.Check.instance;com.sun.tools.javac.comp.Check.<init>;java.lang.ClassLoader.loadClass;jdk.internal.loader.ClassLoaders$AppClassLoader.loadClass;jdk.internal.loader.BuiltinClassLoader.loadClass;jdk.internal.loader.BuiltinClassLoader.loadClassOrNull;jdk.internal.loader.BuiltinClassLoader.findClassInModuleOrNull;jdk.internal.loader.BuiltinClassLoader.defineClass;java.security.SecureClassLoader.defineClass;java.lang.ClassLoader.defineClass;java.lang.ClassLoader.defineClass2,0.0000
com.sun.tools.javac.launcher.Main.main;com.sun.tools.javac.launcher.Main.run;com.sun.tools.javac.launcher.Main.compile;com.sun.tools.javac.api.JavacTaskImpl.call;com.sun.tools.javac.api.JavacTaskImpl.doCall;com.sun.tools.javac.api.JavacTaskImpl.invocationHelper;com.sun.tools.javac.api.JavacTaskImpl$$Lambda$84/0x00007fceec038248.call;com.sun.tools.javac.api.JavacTaskImpl.lambda$doCall$0;com.sun.tools.javac.main.JavaCompiler.compile;com.sun.tools.javac.main.JavaCompiler.parseFiles;com.sun.tools.javac.main.JavaCompiler.parseFiles;com.sun.tools.javac.main.JavaCompiler.parse;com.sun.tools.javac.main.JavaCompiler.parse;com.sun.tools.javac.parser.ParserFactory.newParser,0.0000
com.sun.tools.javac.launcher.Main.main;com.sun.tools.javac.launcher.Main.run;com.sun.tools.javac.launcher.Main.compile;com.sun.tools.javac.api.JavacTool.getStandardFileManager;com.sun.tools.javac.file.BaseFileManager.<clinit>;java.lang.ClassLoader.loadClass;jdk.internal.loader.ClassLoaders$AppClassLoader.loadClass;jdk.internal.loader.BuiltinClassLoader.loadClass;jdk.internal.loader.BuiltinClassLoader.loadClassOrNull;jdk.internal.loader.BuiltinClassLoader.findClassInModuleOrNull;jdk.internal.loader.BuiltinClassLoader.defineClass;java.security.CodeSource.<init>;sun.net.util.URLUtil.urlNoFragString;java.lang.String.toLowerCase;java.lang.String.toLowerCase;java.lang.StringLatin1.toLowerCase,0.0000
com.sun.tools.javac.launcher.Main.main;com.sun.tools.javac.launcher.Main.run;com.sun.tools.javac.launcher.Main.compile;com.sun.tools.javac.api.JavacTaskImpl.call;com.sun.tools.javac.api.JavacTaskImpl.doCall;com.sun.tools.javac.api.JavacTaskImpl.invocationHelper;com.sun.tools.javac.api.JavacTaskImpl$$Lambda$84/0x00007fceec038248.call;com.sun.tools.javac.api.JavacTaskImpl.lambda$doCall$0;com.sun.tools.javac.main.JavaCompiler.compile;com.sun.tools.javac.main.JavaCompiler.generate;com.sun.tools.javac.main.JavaCompiler.generate;com.sun.tools.javac.main.JavaCompiler.genCode;com.sun.tools.javac.jvm.Gen.genClass;com.sun.tools.javac.jvm.Gen.genDef;com.sun.tools.javac.tree.JCTree$JCMethodDecl.accept;com.sun.tools.javac.jvm.Gen.visitMethodDef;com.sun.tools.javac.jvm.Gen.genMethod;com.sun.tools.javac.jvm.Gen.genStat;com.sun.tools.javac.jvm.Gen.genDef;com.sun.tools.javac.tree.JCTree$JCBlock.accept;com.sun.tools.javac.jvm.Gen.visitBlock;com.sun.tools.javac.jvm.Gen.genStats;com.sun.tools.javac.jvm.Gen.genStat;com.sun.tools.javac.jvm.Gen.genStat;com.sun.tools.javac.jvm.Gen.genDef;com.sun.tools.javac.tree.JCTree$JCForLoop.accept;com.sun.tools.javac.jvm.Gen.visitForLoop;com.sun.tools.javac.jvm.Gen.genLoop;com.sun.tools.javac.jvm.Gen.genStat;com.sun.tools.javac.jvm.Gen.genStat;com.sun.tools.javac.jvm.Gen.genDef;com.sun.tools.javac.tree.JCTree$JCBlock.accept;com.sun.tools.javac.jvm.Gen.visitBlock;com.sun.tools.javac.jvm.Gen.genStats;com.sun.tools.javac.jvm.Gen.genStat;com.sun.tools.javac.jvm.Gen.genStat;com.sun.tools.javac.jvm.Gen.genDef;com.sun.tools.javac.tree.JCTree$JCExpressionStatement.accept;com.sun.tools.javac.jvm.Gen.visitExec;com.sun.tools.javac.jvm.Gen.genExpr;com.sun.tools.javac.tree.JCTree$JCMethodInvocation.accept;com.sun.tools.javac.jvm.Gen.visitApply;com.sun.tools.javac.jvm.Gen.genExpr;com.sun.tools.javac.tree.JCTree$JCFieldAccess.accept;com.sun.tools.javac.jvm.Gen.visitSelect;com.sun.tools.javac.jvm.Gen.binaryQualifier;com.sun.tools.javac.code.Symbol$MethodSymbol.clone;com.sun.tools.javac.code.Symbol$MethodSymbol.clone,0.0000
com.sun.tools.javac.launcher.Main.main;com.sun.tools.javac.launcher.Main.run;com.sun.tools.javac.launcher.Main.compile;com.sun.tools.javac.api.JavacTaskImpl.call;com.sun.tools.javac.api.JavacTaskImpl.doCall;com.sun.tools.javac.api.JavacTaskImpl.invocationHelper;com.sun.tools.javac.api.JavacTaskImpl$$Lambda$84/0x00007fceec038248.call;com.sun.tools.javac.api.JavacTaskImpl.lambda$doCall$0;com.sun.tools.javac.main.JavaCompiler.compile;com.sun.tools.javac.main.JavaCompiler.initModules;com.sun.tools.javac.comp.Modules.initModules;com.sun.tools.javac.comp.Modules.enter;com.sun.tools.javac.comp.Modules$$Lambda$137/0x00007fceec109000.accept;com.sun.tools.javac.comp.Modules.lambda$initModules$0;com.sun.tools.javac.comp.Modules.setupAllModules;java.lang.invoke.MethodHandleNatives.linkCallSite;java.lang.invoke.MethodHandleNatives.linkCallSiteImpl;java.lang.invoke.CallSite.makeSite;java.lang.invoke.BootstrapMethodInvoker.invoke;java.lang.invoke.Invokers$Holder.invokeExact_MT;java.lang.invoke.LambdaForm$DMH/0x00007fceec108800.invokeStatic;java.lang.invoke.LambdaMetafactory.metafactory;java.lang.invoke.InnerClassLambdaMetafactory.buildCallSite;java.lang.invoke.InnerClassLambdaMetafactory.spinInnerClass;java.lang.invoke.InnerClassLambdaMetafactory.generateInnerClass;java.lang.invoke.MethodHandles$Lookup.defineHiddenClass;java.lang.invoke.MethodHandles$Lookup.makeHiddenClassDefiner;java.lang.invoke.MethodHandles$Lookup.makeHiddenClassDefiner;jdk.internal.misc.VM.isSystemDomainLoader;java.lang.ClassLoader.getPlatformClassLoader;java.lang.ClassLoader.getBuiltinPlatformClassLoader;jdk.internal.loader.ClassLoaders.platformClassLoader,0.0000
com.sun.tools.javac.launcher.Main.main;com.sun.tools.javac.launcher.Main.run;com.sun.tools.javac.launcher.Main.compile;com.sun.tools.javac.api.JavacTaskImpl.call;com.sun.tools.javac.api.JavacTaskImpl.doCall;com.sun.tools.javac.api.JavacTaskImpl.invocationHelper;com.sun.tools.javac.api.JavacTaskImpl$$Lambda$84/0x00007fceec038248.call;com.sun.tools.javac.api.JavacTaskImpl.lambda$doCall$0;com.sun.tools.javac.api.JavacTaskImpl.prepareCompiler;com.sun.tools.javac.api.BasicJavacTask.initPlugins;com.sun.tools.javac.processing.JavacProcessingEnvironment.instance;com.sun.tools.javac.processing.JavacProcessingEnvironment.<init>,0.0000
com.sun.tools.javac.launcher.Main.main;com.sun.tools.javac.launcher.Main.run;com.sun.tools.javac.launcher.Main.compile;com.sun.tools.javac.api.JavacTaskImpl.call;com.sun.tools.javac.api.JavacTaskImpl.doCall;com.sun.tools.javac.api.JavacTaskImpl.invocationHelper;com.sun.tools.javac.api.JavacTaskImpl$$Lambda$84/0x00007fceec038248.call;com.sun.tools.javac.api.JavacTaskImpl.lambda$doCall$0;com.sun.tools.javac.main.JavaCompiler.compile;com.sun.tools.javac.main.JavaCompiler.generate;com.sun.tools.javac.main.JavaCompiler.generate;com.sun.tools.javac.main.JavaCompiler.genCode;com.sun.tools.javac.jvm.ClassWriter.writeClass;com.sun.tools.javac.jvm.ClassWriter.writeClassFile,0.0000
com.sun.tools.javac.launcher.Main.main;com.sun.tools.javac.launcher.Main.run;com.sun.tools.javac.launcher.Main.execute;java.lang.reflect.Method.invoke;jdk.internal.reflect.DelegatingMethodAccessorImpl.invoke;jdk.internal.reflect.NativeMethodAccessorImpl.invoke;jdk.internal.reflect.NativeMethodAccessorImpl.invoke0;LinkedHashMap2.main;java.util.HashMap.put;java.util.HashMap.putVal,0.0000
com.sun.tools.javac.launcher.Main.main;com.sun.tools.javac.launcher.Main.run;com.sun.tools.javac.launcher.Main.execute;java.lang.reflect.Method.invoke;jdk.internal.reflect.DelegatingMethodAccessorImpl.invoke;jdk.internal.reflect.NativeMethodAccessorImpl.invoke;jdk.internal.reflect.NativeMethodAccessorImpl.invoke0;LinkedHashMap2.main;java.lang.invoke.Invokers$Holder.linkToTargetMethod;java.lang.invoke.LambdaForm$MH/0x00007fceec03dc00.invoke;java.lang.invoke.DirectMethodHandle$Holder.invokeStatic,0.0000
com.sun.tools.javac.launcher.Main.main;com.sun.tools.javac.launcher.Main.run;com.sun.tools.javac.launcher.Main.compile;com.sun.tools.javac.api.JavacTaskImpl.call;com.sun.tools.javac.api.JavacTaskImpl.doCall;com.sun.tools.javac.api.JavacTaskImpl.invocationHelper;com.sun.tools.javac.api.JavacTaskImpl$$Lambda$84/0x00007fceec038248.call;com.sun.tools.javac.api.JavacTaskImpl.lambda$doCall$0;com.sun.tools.javac.main.JavaCompiler.compile;com.sun.tools.javac.main.JavaCompiler.initModules;com.sun.tools.javac.comp.Modules.initModules;com.sun.tools.javac.comp.Modules.enter;com.sun.tools.javac.comp.Modules.setCompilationUnitModules;com.sun.tools.javac.comp.Modules.getUnnamedModuleCompleter;com.sun.tools.javac.code.ModuleFinder.findAllModules;com.sun.tools.javac.code.ModuleFinder.scanModulePath;com.sun.tools.javac.code.ModuleFinder$ModuleLocationIterator.hasNext;javax.tools.ForwardingJavaFileManager.listLocationsForModules;com.sun.tools.javac.file.JavacFileManager.listLocationsForModules;com.sun.tools.javac.file.Locations.listLocationsForModules;com.sun.tools.javac.file.Locations$SystemModulesLocationHandler.listLocationsForModules;com.sun.tools.javac.file.Locations$SystemModulesLocationHandler.initSystemModules;java.nio.file.FileSystems.getFileSystem;java.nio.file.spi.FileSystemProvider.installedProviders;java.security.AccessController.doPrivileged;java.security.AccessController.executePrivileged;java.nio.file.spi.FileSystemProvider$1.run;java.nio.file.spi.FileSystemProvider$1.run;java.nio.file.spi.FileSystemProvider.loadInstalledProviders;java.util.ServiceLoader$3.hasNext;java.util.ServiceLoader$2.hasNext;java.util.ServiceLoader$LazyClassPathLookupIterator.hasNext;java.util.ServiceLoader$LazyClassPathLookupIterator.hasNextService;java.util.ServiceLoader$LazyClassPathLookupIterator.nextProviderClass;java.util.ServiceLoader$LazyClassPathLookupIterator.parse;java.net.URL.openConnection;sun.net.www.protocol.jrt.Handler.openConnection,0.0000
com.sun.tools.javac.launcher.Main.main;com.sun.tools.javac.launcher.Main.run;com.sun.tools.javac.launcher.Main.compile;com.sun.tools.javac.api.JavacTaskImpl.call;com.sun.tools.javac.api.JavacTaskImpl.doCall;com.sun.tools.javac.api.JavacTaskImpl.invocationHelper;com.sun.tools.javac.api.JavacTaskImpl$$Lambda$84/0x00007fceec038248.call;com.sun.tools.javac.api.JavacTaskImpl.lambda$doCall$0;com.sun.tools.javac.api.JavacTaskImpl.prepareCompiler;com.sun.tools.javac.api.BasicJavacTask.initPlugins;com.sun.tools.javac.processing.JavacProcessingEnvironment.instance;com.sun.tools.javac.processing.JavacProcessingEnvironment.<init>;com.sun.tools.javac.main.JavaCompiler.instance;com.sun.tools.javac.main.JavaCompiler.<init>;com.sun.tools.javac.code.ClassFinder.instance;com.sun.tools.javac.code.ClassFinder.<init>;com.sun.tools.javac.jvm.ClassReader.instance;com.sun.tools.javac.jvm.ClassReader.<init>;com.sun.tools.javac.comp.Annotate.instance;com.sun.tools.javac.comp.Annotate.<init>;com.sun.tools.javac.comp.Attr.instance;com.sun.tools.javac.comp.Attr.<init>;com.sun.tools.javac.code.Symtab.instance;com.sun.tools.javac.code.Symtab.<init>;com.sun.tools.javac.comp.Modules.instance;com.sun.tools.javac.comp.Modules.<init>;com.sun.tools.javac.jvm.ClassWriter.instance;com.sun.tools.javac.jvm.ClassWriter.<init>;java.lang.ClassLoader.loadClass;jdk.internal.loader.ClassLoaders$AppClassLoader.loadClass;jdk.internal.loader.BuiltinClassLoader.loadClass;jdk.internal.loader.BuiltinClassLoader.loadClassOrNull;java.lang.ClassLoader.findLoadedClass;java.lang.ClassLoader.findLoadedClass0,0.0000
com.sun.tools.javac.launcher.Main.main;com.sun.tools.javac.launcher.Main.run;com.sun.tools.javac.launcher.Main.compile;com.sun.tools.javac.api.JavacTool.getStandardFileManager;com.sun.tools.javac.file.JavacFileManager.<init>;java.lang.invoke.MethodHandleNatives.linkCallSite;java.lang.invoke.MethodHandleNatives.linkCallSiteImpl;java.lang.invoke.CallSite.makeSite;java.lang.invoke.BootstrapMethodInvoker.invoke;java.lang.invoke.Invokers$Holder.invokeExact_MT;java.lang.invoke.DirectMethodHandle$Holder.invokeStatic;java.lang.invoke.LambdaMetafactory.metafactory;java.lang.invoke.InnerClassLambdaMetafactory.buildCallSite;java.lang.invoke.InnerClassLambdaMetafactory.spinInnerClass;java.lang.invoke.InnerClassLambdaMetafactory.generateInnerClass;java.lang.invoke.MethodHandles$Lookup.defineHiddenClass;java.lang.invoke.MethodHandles$Lookup$ClassDefiner.defineClassAsLookup;java.lang.invoke.MethodHandles$Lookup$ClassDefiner.defineClass;java.lang.System$2.defineClass;java.lang.ClassLoader.defineClass0,0.0000
com.sun.tools.javac.launcher.Main.main;com.sun.tools.javac.launcher.Main.run;com.sun.tools.javac.launcher.Main.compile;com.sun.tools.javac.api.JavacTaskImpl.call;com.sun.tools.javac.api.JavacTaskImpl.doCall;com.sun.tools.javac.api.JavacTaskImpl.invocationHelper;com.sun.tools.javac.api.JavacTaskImpl$$Lambda$84/0x00007fceec038248.call;com.sun.tools.javac.api.JavacTaskImpl.lambda$doCall$0;com.sun.tools.javac.main.JavaCompiler.compile;com.sun.tools.javac.main.JavaCompiler.flow;com.sun.tools.javac.main.JavaCompiler.flow;com.sun.tools.javac.comp.Flow.analyzeTree,0.0000
com.sun.tools.javac.launcher.Main.main;com.sun.tools.javac.launcher.Main.run;com.sun.tools.javac.launcher.Main.execute;java.lang.reflect.Method.invoke;jdk.internal.reflect.DelegatingMethodAccessorImpl.invoke;jdk.internal.reflect.NativeMethodAccessorImpl.invoke;jdk.internal.reflect.NativeMethodAccessorImpl.invoke0;LinkedHashMap2.main;java.util.HashMap.put;java.util.HashMap.putVal;java.util.HashMap.resize,0.0000
com.sun.tools.javac.launcher.Main.main;com.sun.tools.javac.launcher.Main.run;com.sun.tools.javac.launcher.Main.compile;com.sun.tools.javac.api.JavacTaskImpl.call;com.sun.tools.javac.api.JavacTaskImpl.doCall;com.sun.tools.javac.api.JavacTaskImpl.invocationHelper;com.sun.tools.javac.api.JavacTaskImpl$$Lambda$84/0x00007fceec038248.call;com.sun.tools.javac.api.JavacTaskImpl.lambda$doCall$0;com.sun.tools.javac.main.JavaCompiler.compile;com.sun.tools.javac.main.JavaCompiler.attribute;com.sun.tools.javac.comp.Attr.attrib;com.sun.tools.javac.comp.Attr.attribClass;com.sun.tools.javac.comp.Attr.attribClass;com.sun.tools.javac.comp.Attr.attribClassBody;com.sun.tools.javac.comp.Attr.attribStat;com.sun.tools.javac.comp.Attr.attribTree;com.sun.tools.javac.tree.JCTree$JCMethodDecl.accept;com.sun.tools.javac.comp.Attr.visitMethodDef;com.sun.tools.javac.comp.Attr.attribStat;com.sun.tools.javac.comp.Attr.attribTree;com.sun.tools.javac.tree.JCTree$JCBlock.accept;com.sun.tools.javac.comp.Attr.visitBlock;com.sun.tools.javac.comp.Attr.attribStats;com.sun.tools.javac.comp.Attr.attribStat;com.sun.tools.javac.comp.Attr.attribTree;com.sun.tools.javac.tree.JCTree$JCVariableDecl.accept;com.sun.tools.javac.comp.Attr.visitVarDef;com.sun.tools.javac.comp.MemberEnter.memberEnter;com.sun.tools.javac.tree.JCTree$JCVariableDecl.accept;com.sun.tools.javac.comp.MemberEnter.visitVarDef;com.sun.tools.javac.comp.Attr.attribType;com.sun.tools.javac.comp.Attr.attribType;com.sun.tools.javac.comp.Attr.attribTree;com.sun.tools.javac.tree.JCTree$JCTypeApply.accept;com.sun.tools.javac.comp.Attr.visitTypeApply;com.sun.tools.javac.comp.Attr.attribTypes;com.sun.tools.javac.comp.Attr.attribAnyTypes;com.sun.tools.javac.comp.Attr.attribType;com.sun.tools.javac.comp.Attr.attribType;com.sun.tools.javac.comp.Attr.attribTree;com.sun.tools.javac.tree.JCTree$JCIdent.accept;com.sun.tools.javac.comp.Attr.visitIdent;com.sun.tools.javac.comp.Resolve.resolveIdent;com.sun.tools.javac.comp.Resolve.findIdent;com.sun.tools.javac.comp.Resolve.findIdentInternal;com.sun.tools.javac.comp.Resolve.findType;com.sun.tools.javac.comp.Resolve.findGlobalType;com.sun.tools.javac.util.Iterators$CompoundIterator.hasNext;com.sun.tools.javac.util.Iterators$CompoundIterator.update;com.sun.tools.javac.code.Scope$CompoundScope$$Lambda$189/0x00007fceec11e680.apply;com.sun.tools.javac.code.Scope$CompoundScope.lambda$getSymbolsByName$2;com.sun.tools.javac.code.Scope$FilterImportScope$$Lambda$190/0x00007fceec11ef88.iterator;com.sun.tools.javac.code.Scope$FilterImportScope.lambda$getSymbolsByName$3;com.sun.tools.javac.util.Iterators.createFilterIterator;com.sun.tools.javac.util.Iterators$2.<init>;com.sun.tools.javac.util.Iterators$2.update;com.sun.tools.javac.code.Scope$FilterImportScope$$Lambda$192/0x00007fceec11f410.test;com.sun.tools.javac.code.Scope$FilterImportScope.lambda$getSymbolsByName$2;com.sun.tools.javac.comp.TypeEnter$ImportsPhase$$Lambda$176/0x00007fceec119598.accepts;com.sun.tools.javac.comp.TypeEnter$ImportsPhase.lambda$resolveImports$2;com.sun.tools.javac.comp.Check.importAccessible;com.sun.tools.javac.code.Symbol$ClassSymbol.flags;com.sun.tools.javac.code.Symbol$ClassSymbol.complete;com.sun.tools.javac.code.Symbol.complete;com.sun.tools.javac.code.ClassFinder$$Lambda$92/0x00007fceec09cc60.complete;com.sun.tools.javac.code.ClassFinder.complete;com.sun.tools.javac.code.ClassFinder.fillIn;com.sun.tools.javac.jvm.ClassReader.readClassFile;com.sun.tools.javac.file.PathFileObject.openInputStream;java.nio.file.Files.newInputStream;jdk.internal.jrtfs.JrtFileSystemProvider.newInputStream;jdk.internal.jrtfs.JrtPath.newInputStream;jdk.internal.jrtfs.JrtFileSystem.newInputStream;jdk.internal.jrtfs.JrtFileSystem.getFileContent;jdk.internal.jrtfs.SystemImage$1.getResource;jdk.internal.jimage.ImageReader.getResource;jdk.internal.jimage.ImageReader$SharedImageReader.getResource;jdk.internal.jimage.BasicImageReader.getResource;jdk.internal.jimage.ImageBufferCache.releaseBuffer;java.util.Arrays.sort;java.util.TimSort.sort;java.util.TimSort.countRunAndMakeAscending,0.0000
com.sun.tools.javac.launcher.Main.main;com.sun.tools.javac.launcher.Main.run;com.sun.tools.javac.launcher.Main.compile;com.sun.tools.javac.api.JavacTaskImpl.call;com.sun.tools.javac.api.JavacTaskImpl.doCall;com.sun.tools.javac.api.JavacTaskImpl.invocationHelper;com.sun.tools.javac.api.JavacTaskImpl$$Lambda$84/0x00007fceec038248.call;com.sun.tools.javac.api.JavacTaskImpl.lambda$doCall$0;com.sun.tools.javac.main.JavaCompiler.compile;com.sun.tools.javac.main.JavaCompiler.enterTrees;com.sun.tools.javac.comp.Enter.main;com.sun.tools.javac.comp.Enter.complete;com.sun.tools.javac.code.Symbol$ClassSymbol.complete;com.sun.tools.javac.code.Symbol.complete;com.sun.tools.javac.comp.TypeEnter.complete;com.sun.tools.javac.comp.TypeEnter$Phase.completeEnvs;com.sun.tools.javac.comp.TypeEnter$Phase.doCompleteEnvs;com.sun.tools.javac.comp.TypeEnter$ImportsPhase.runPhase;com.sun.tools.javac.comp.TypeEnter$ImportsPhase.resolveImports;com.sun.tools.javac.comp.TypeEnter$ImportsPhase.doImport;com.sun.tools.javac.comp.Attr.attribImportQualifier;com.sun.tools.javac.comp.Attr.attribTree;com.sun.tools.javac.tree.JCTree$JCFieldAccess.accept;com.sun.tools.javac.comp.Attr.visitSelect;com.sun.tools.javac.comp.Attr.selectSym;com.sun.tools.javac.comp.Resolve.findIdentInPackage;com.sun.tools.javac.comp.Resolve.findIdentInPackageInternal;com.sun.tools.javac.comp.Resolve.lookupPackage;com.sun.tools.javac.code.Symbol$PackageSymbol.members;com.sun.tools.javac.code.Symbol.complete;com.sun.tools.javac.code.ClassFinder$$Lambda$92/0x00007fceec09cc60.complete;com.sun.tools.javac.code.ClassFinder.complete;com.sun.tools.javac.code.ClassFinder.fillIn;com.sun.tools.javac.code.ClassFinder.scanModulePaths;com.sun.tools.javac.code.ClassFinder.fillIn;javax.tools.ForwardingJavaFileManager.inferBinaryName;com.sun.tools.javac.file.JavacFileManager.inferBinaryName;com.sun.tools.javac.file.JavacFileManager.checkNotModuleOrientedLocation;javax.tools.JavaFileManager$Location.isModuleOrientedLocation;java.lang.String.matches;java.util.regex.Pattern.matches;java.util.regex.Pattern.matcher;java.util.regex.Matcher.<init>;java.util.regex.Matcher.reset,0.0000
com.sun.tools.javac.launcher.Main.main;com.sun.tools.javac.launcher.Main.run;com.sun.tools.javac.launcher.Main.execute;java.lang.reflect.Method.invoke;jdk.internal.reflect.DelegatingMethodAccessorImpl.invoke;jdk.internal.reflect.NativeMethodAccessorImpl.invoke;jdk.internal.reflect.NativeMethodAccessorImpl.invoke0;LinkedHashMap2.main,0.0000
com.sun.tools.javac.launcher.Main.main;com.sun.tools.javac.launcher.Main.run;com.sun.tools.javac.launcher.Main.compile;com.sun.tools.javac.api.JavacTaskImpl.call;com.sun.tools.javac.api.JavacTaskImpl.doCall;com.sun.tools.javac.api.JavacTaskImpl.invocationHelper;com.sun.tools.javac.api.JavacTaskImpl$$Lambda$84/0x00007fceec038248.call;com.sun.tools.javac.api.JavacTaskImpl.lambda$doCall$0;com.sun.tools.javac.api.JavacTaskImpl.prepareCompiler;com.sun.tools.javac.api.BasicJavacTask.initPlugins;com.sun.tools.javac.processing.JavacProcessingEnvironment.instance;com.sun.tools.javac.processing.JavacProcessingEnvironment.<init>;com.sun.tools.javac.main.JavaCompiler.instance;com.sun.tools.javac.main.JavaCompiler.<init>;com.sun.tools.javac.parser.ParserFactory.instance;com.sun.tools.javac.parser.ParserFactory.<init>;com.sun.tools.javac.tree.DocTreeMaker.instance;com.sun.tools.javac.tree.DocTreeMaker.<init>,0.0000
com.sun.tools.javac.launcher.Main.main;com.sun.tools.javac.launcher.Main.run;com.sun.tools.javac.launcher.Main.compile;com.sun.tools.javac.api.JavacTool.getTask;com.sun.tools.javac.api.JavacTool.getTask;com.sun.tools.javac.main.Arguments.init;com.sun.tools.javac.main.Arguments.processArgs;java.lang.invoke.MethodHandleNatives.linkCallSite;java.lang.invoke.MethodHandleNatives.linkCallSiteImpl;java.lang.invoke.CallSite.makeSite;java.lang.invoke.BootstrapMethodInvoker.invoke;java.lang.invoke.Invokers$Holder.invokeExact_MT;java.lang.invoke.DirectMethodHandle$Holder.invokeStatic;java.lang.invoke.LambdaMetafactory.metafactory;java.lang.invoke.InnerClassLambdaMetafactory.<init>;java.lang.invoke.MethodType.changeReturnType;java.lang.invoke.MethodType.makeImpl;java.lang.invoke.MethodTypeForm.findForm;java.lang.invoke.MethodTypeForm.canonicalize;java.lang.invoke.MethodType.makeImpl;java.lang.invoke.MethodTypeForm.findForm;java.lang.invoke.MethodTypeForm.<init>;sun.invoke.util.Wrapper.isSubwordOrInt;sun.invoke.util.Wrapper.isIntegral;sun.invoke.util.Wrapper.isNumeric,0.0000
com.sun.tools.javac.launcher.Main.main;com.sun.tools.javac.launcher.Main.run;com.sun.tools.javac.launcher.Main.compile;com.sun.tools.javac.api.JavacTaskImpl.call;com.sun.tools.javac.api.JavacTaskImpl.doCall;com.sun.tools.javac.api.JavacTaskImpl.invocationHelper;com.sun.tools.javac.api.JavacTaskImpl$$Lambda$84/0x00007fceec038248.call;com.sun.tools.javac.api.JavacTaskImpl.lambda$doCall$0;com.sun.tools.javac.api.JavacTaskImpl.prepareCompiler;com.sun.tools.javac.api.BasicJavacTask.initPlugins;com.sun.tools.javac.processing.JavacProcessingEnvironment.instance;com.sun.tools.javac.processing.JavacProcessingEnvironment.<init>;com.sun.tools.javac.main.JavaCompiler.instance;com.sun.tools.javac.main.JavaCompiler.<init>;com.sun.tools.javac.code.ClassFinder.instance;com.sun.tools.javac.code.ClassFinder.<init>;com.sun.tools.javac.jvm.ClassReader.instance;com.sun.tools.javac.jvm.ClassReader.<init>;com.sun.tools.javac.comp.Annotate.instance;com.sun.tools.javac.comp.Annotate.<init>;com.sun.tools.javac.comp.Attr.instance;com.sun.tools.javac.comp.Attr.<init>;com.sun.tools.javac.code.Symtab.instance;com.sun.tools.javac.code.Symtab.<init>;com.sun.tools.javac.comp.Modules.instance;com.sun.tools.javac.comp.Modules.<init>;com.sun.tools.javac.jvm.ClassWriter.instance;com.sun.tools.javac.jvm.ClassWriter.<init>;com.sun.tools.javac.jvm.Gen.instance;com.sun.tools.javac.jvm.Gen.<init>;com.sun.tools.javac.comp.Lower.instance;com.sun.tools.javac.comp.Lower.<init>;com.sun.tools.javac.comp.Operators.instance;com.sun.tools.javac.comp.Operators.<init>;com.sun.tools.javac.comp.Operators.initBinaryOperators;java.lang.ClassLoader.loadClass;jdk.internal.loader.ClassLoaders$AppClassLoader.loadClass;jdk.internal.loader.BuiltinClassLoader.loadClass;jdk.internal.loader.BuiltinClassLoader.loadClassOrNull;jdk.internal.loader.BuiltinClassLoader.findClassInModuleOrNull;jdk.internal.loader.BuiltinClassLoader.defineClass;java.security.SecureClassLoader.defineClass;java.lang.ClassLoader.defineClass;java.lang.ClassLoader.defineClass2,0.0000
com.sun.tools.javac.launcher.Main.main;com.sun.tools.javac.launcher.Main.run;com.sun.tools.javac.launcher.Main.compile;com.sun.tools.javac.api.JavacTaskImpl.call;com.sun.tools.javac.api.JavacTaskImpl.doCall;com.sun.tools.javac.api.JavacTaskImpl.invocationHelper;com.sun.tools.javac.api.JavacTaskImpl$$Lambda$84/0x00007fceec038248.call;com.sun.tools.javac.api.JavacTaskImpl.lambda$doCall$0;com.sun.tools.javac.api.JavacTaskImpl.prepareCompiler;com.sun.tools.javac.main.Arguments.validate;com.sun.tools.javac.code.Source.toSourceVersion;javax.lang.model.SourceVersion.<clinit>;javax.lang.model.SourceVersion.getLatestSupported;java.lang.invoke.MethodHandleNatives.linkCallSite;java.lang.invoke.MethodHandleNatives.linkCallSiteImpl;java.lang.invoke.CallSite.makeSite;java.lang.invoke.BootstrapMethodInvoker.invoke;java.lang.invoke.Invokers$Holder.invokeExact_MT;java.lang.invoke.DelegatingMethodHandle$Holder.delegate;java.lang.invoke.DirectMethodHandle$Holder.invokeStatic;java.lang.invoke.StringConcatFactory.makeConcatWithConstants;java.lang.invoke.StringConcatFactory.generateMHInlineCopy;java.lang.invoke.MethodHandles.foldArgumentsWithCombiner;java.lang.invoke.MethodHandles.argumentsWithCombiner;java.lang.invoke.LambdaFormEditor.foldArgumentsForm;java.lang.invoke.LambdaFormEditor.makeArgumentCombinationForm;java.lang.invoke.LambdaForm$Name.<init>;java.lang.invoke.LambdaForm$NamedFunction.<init>;java.lang.invoke.Invokers.basicInvoker;java.lang.invoke.Invokers.invokeBasicMethod;java.lang.invoke.MethodHandles$Lookup.resolveOrFail;java.lang.invoke.MemberName$Factory.resolveOrFail;java.lang.invoke.MemberName$Factory.resolve;java.lang.invoke.MethodHandleNatives.resolve,0.0000
com.sun.tools.javac.launcher.Main.main;com.sun.tools.javac.launcher.Main.run;com.sun.tools.javac.launcher.Main.execute;java.lang.reflect.Method.invoke;jdk.internal.reflect.DelegatingMethodAccessorImpl.invoke;jdk.internal.reflect.NativeMethodAccessorImpl.invoke;jdk.internal.reflect.NativeMethodAccessorImpl.invoke0;LinkedHashMap2.main;java.lang.invoke.Invokers$Holder.linkToTargetMethod;java.lang.invoke.LambdaForm$MH/0x00007fceec03dc00.invoke;java.lang.invoke.LambdaForm$MH/0x00007fceec03d800.invoke;java.lang.invoke.DirectMethodHandle$Holder.invokeStatic;java.lang.StringConcatHelper.mix,0.0000
com.sun.tools.javac.launcher.Main.main;com.sun.tools.javac.launcher.Main.run;com.sun.tools.javac.launcher.Main.compile;com.sun.tools.javac.api.JavacTaskImpl.call;com.sun.tools.javac.api.JavacTaskImpl.doCall;com.sun.tools.javac.api.JavacTaskImpl.invocationHelper;com.sun.tools.javac.api.JavacTaskImpl$$Lambda$84/0x00007fceec038248.call;com.sun.tools.javac.api.JavacTaskImpl.lambda$doCall$0;com.sun.tools.javac.main.JavaCompiler.compile;com.sun.tools.javac.main.JavaCompiler.enterTrees;com.sun.tools.javac.comp.Enter.main;com.sun.tools.javac.comp.Enter.complete;com.sun.tools.javac.comp.Enter.classEnter;com.sun.tools.javac.comp.Enter.classEnter;com.sun.tools.javac.tree.JCTree$JCCompilationUnit.accept;com.sun.tools.javac.comp.Enter.visitTopLevel;com.sun.tools.javac.comp.Enter.classEnter;com.sun.tools.javac.comp.Enter.classEnter;com.sun.tools.javac.tree.JCTree$JCClassDecl.accept;com.sun.tools.javac.comp.Enter.visitClassDef;com.sun.tools.javac.comp.Check.checkFlags;com.sun.tools.javac.comp.Check$5.<clinit>;java.lang.ClassLoader.loadClass;jdk.internal.loader.ClassLoaders$AppClassLoader.loadClass;jdk.internal.loader.BuiltinClassLoader.loadClass;jdk.internal.loader.BuiltinClassLoader.loadClassOrNull;jdk.internal.loader.BuiltinClassLoader.findClassInModuleOrNull;jdk.internal.loader.BuiltinClassLoader.defineClass;java.security.SecureClassLoader.defineClass;java.lang.ClassLoader.defineClass;java.lang.ClassLoader.postDefineClass;java.lang.Class.getPackageName;java.lang.String.lastIndexOf;java.lang.String.lastIndexOf,0.0000
