java.lang.ref.Reference$ReferenceHandler.run;java.lang.ref.Reference.processPendingReferences;java.lang.ref.Reference.enqueueFromPending,0.2659
java.lang.ref.Reference$ReferenceHandler.run;java.lang.ref.Reference.processPendingReferences;java.lang.ref.Reference.getAndClearReferencePendingList,0.2659
java.lang.ref.Reference$ReferenceHandler.run;java.lang.ref.Reference.processPendingReferences;java.lang.ref.Reference.waitForReferencePendingList,24.7274
java.lang.ref.Reference$ReferenceHandler.run;java.lang.ref.Reference.processPendingReferences;java.lang.ref.Reference.enqueueFromPending;java.lang.ref.ReferenceQueue.enqueue;java.lang.Object.notifyAll,0.2659
java.lang.ref.Reference$ReferenceHandler.run;java.lang.ref.Reference.processPendingReferences,0.7977
jdk.internal.misc.InnocuousThread.run;java.lang.Thread.run;jdk.internal.ref.CleanerImpl.run;java.lang.ref.ReferenceQueue.remove;java.lang.Object.wait,0.0000
com.sun.tools.javac.launcher.Main.main;com.sun.tools.javac.launcher.Main.run;com.sun.tools.javac.launcher.Main.compile;com.sun.tools.javac.api.JavacTaskImpl.call;com.sun.tools.javac.api.JavacTaskImpl.doCall;com.sun.tools.javac.api.JavacTaskImpl.invocationHelper;com.sun.tools.javac.api.JavacTaskImpl$$Lambda$84/0x00007f4be8038248.call;com.sun.tools.javac.api.JavacTaskImpl.lambda$doCall$0;com.sun.tools.javac.api.JavacTaskImpl.prepareCompiler;com.sun.tools.javac.api.BasicJavacTask.initPlugins;com.sun.tools.javac.processing.JavacProcessingEnvironment.instance;com.sun.tools.javac.processing.JavacProcessingEnvironment.<init>;com.sun.tools.javac.main.JavaCompiler.instance;com.sun.tools.javac.main.JavaCompiler.<init>;com.sun.tools.javac.code.ClassFinder.instance;com.sun.tools.javac.code.ClassFinder.<init>;com.sun.tools.javac.jvm.ClassReader.instance;com.sun.tools.javac.jvm.ClassReader.<init>;com.sun.tools.javac.comp.Annotate.instance;com.sun.tools.javac.comp.Annotate.<init>;com.sun.tools.javac.comp.Attr.instance;com.sun.tools.javac.comp.Attr.<init>;com.sun.tools.javac.code.Symtab.instance;com.sun.tools.javac.code.Symtab.<init>;com.sun.tools.javac.comp.Modules.instance;com.sun.tools.javac.comp.Modules.<init>;com.sun.tools.javac.jvm.ClassWriter.instance;com.sun.tools.javac.jvm.ClassWriter.<init>;com.sun.tools.javac.jvm.Gen.instance;com.sun.tools.javac.jvm.Gen.<init>,0.0000
com.sun.tools.javac.launcher.Main.main;com.sun.tools.javac.launcher.Main.run;com.sun.tools.javac.launcher.Main.compile;com.sun.tools.javac.api.JavacTaskImpl.call;com.sun.tools.javac.api.JavacTaskImpl.doCall;com.sun.tools.javac.api.JavacTaskImpl.invocationHelper;com.sun.tools.javac.api.JavacTaskImpl$$Lambda$84/0x00007f4be8038248.call;com.sun.tools.javac.api.JavacTaskImpl.lambda$doCall$0;com.sun.tools.javac.api.JavacTaskImpl.prepareCompiler;com.sun.tools.javac.api.BasicJavacTask.initPlugins;com.sun.tools.javac.processing.JavacProcessingEnvironment.instance;com.sun.tools.javac.processing.JavacProcessingEnvironment.<init>;com.sun.tools.javac.main.JavaCompiler.instance;com.sun.tools.javac.main.JavaCompiler.<init>;com.sun.tools.javac.code.ClassFinder.instance;com.sun.tools.javac.code.ClassFinder.<init>;com.sun.tools.javac.jvm.ClassReader.instance;com.sun.tools.javac.jvm.ClassReader.<init>;com.sun.tools.javac.comp.Annotate.instance;com.sun.tools.javac.comp.Annotate.<init>;com.sun.tools.javac.comp.Attr.instance;com.sun.tools.javac.comp.Attr.<init>;com.sun.tools.javac.code.Symtab.instance;com.sun.tools.javac.code.Symtab.<init>,0.0000
com.sun.tools.javac.launcher.Main.main;com.sun.tools.javac.launcher.Main.run;com.sun.tools.javac.launcher.Main.compile;com.sun.tools.javac.api.JavacTool.getStandardFileManager;com.sun.tools.javac.file.BaseFileManager.<clinit>;com.sun.tools.javac.main.Option.<clinit>;com.sun.tools.javac.main.Option.<init>;com.sun.tools.javac.main.Option.<init>;java.lang.String.split;java.lang.String.split;java.util.regex.Pattern.compile;java.util.regex.Pattern.<init>,0.0000
com.sun.tools.javac.launcher.Main.main;com.sun.tools.javac.launcher.Main.run;com.sun.tools.javac.launcher.Main.compile;com.sun.tools.javac.api.JavacTaskImpl.call;com.sun.tools.javac.api.JavacTaskImpl.doCall;com.sun.tools.javac.api.JavacTaskImpl.invocationHelper;com.sun.tools.javac.api.JavacTaskImpl$$Lambda$84/0x00007f4be8038248.call;com.sun.tools.javac.api.JavacTaskImpl.lambda$doCall$0;com.sun.tools.javac.main.JavaCompiler.compile;com.sun.tools.javac.main.JavaCompiler.enterTrees;com.sun.tools.javac.comp.Enter.main;com.sun.tools.javac.comp.Enter.complete;com.sun.tools.javac.code.Symbol$ClassSymbol.complete;com.sun.tools.javac.code.Symbol.complete;com.sun.tools.javac.comp.TypeEnter.complete;com.sun.tools.javac.comp.TypeEnter$Phase.completeEnvs;com.sun.tools.javac.comp.TypeEnter$Phase.doCompleteEnvs;com.sun.tools.javac.comp.TypeEnter$ImportsPhase.runPhase;com.sun.tools.javac.comp.TypeEnter$ImportsPhase.resolveImports;com.sun.tools.javac.code.Symbol$PackageSymbol.members;com.sun.tools.javac.code.Symbol.complete;com.sun.tools.javac.code.ClassFinder$$Lambda$92/0x00007f4be809cc60.complete;com.sun.tools.javac.code.ClassFinder.complete;com.sun.tools.javac.code.ClassFinder.fillIn;com.sun.tools.javac.code.ClassFinder.scanModulePaths;com.sun.tools.javac.code.ClassFinder.fillIn;javax.lang.model.SourceVersion.isIdentifier,0.0000
com.sun.tools.javac.launcher.Main.main;com.sun.tools.javac.launcher.Main.run;com.sun.tools.javac.launcher.Main.compile;com.sun.tools.javac.api.JavacTaskImpl.call;com.sun.tools.javac.api.JavacTaskImpl.doCall;com.sun.tools.javac.api.JavacTaskImpl.invocationHelper;com.sun.tools.javac.api.JavacTaskImpl$$Lambda$84/0x00007f4be8038248.call;com.sun.tools.javac.api.JavacTaskImpl.lambda$doCall$0;com.sun.tools.javac.main.JavaCompiler.compile;com.sun.tools.javac.main.JavaCompiler.enterTrees;com.sun.tools.javac.comp.Enter.main;com.sun.tools.javac.comp.Enter.complete;com.sun.tools.javac.code.Symbol$ClassSymbol.complete;com.sun.tools.javac.code.Symbol.complete;com.sun.tools.javac.comp.TypeEnter.complete;com.sun.tools.javac.comp.TypeEnter$Phase.completeEnvs;com.sun.tools.javac.comp.TypeEnter$Phase.doCompleteEnvs;com.sun.tools.javac.comp.TypeEnter$ImportsPhase.runPhase;com.sun.tools.javac.comp.TypeEnter$ImportsPhase.resolveImports;com.sun.tools.javac.comp.TypeEnter$ImportsPhase.doImport;com.sun.tools.javac.comp.Attr.attribImportQualifier;com.sun.tools.javac.comp.Attr.attribTree;com.sun.tools.javac.tree.JCTree$JCFieldAccess.accept;com.sun.tools.javac.comp.Attr.visitSelect;com.sun.tools.javac.comp.Attr.selectSym;com.sun.tools.javac.comp.Resolve.findIdentInPackage;com.sun.tools.javac.comp.Resolve.findIdentInPackageInternal;com.sun.tools.javac.comp.Resolve.lookupPackage;com.sun.tools.javac.code.Symbol$PackageSymbol.members;com.sun.tools.javac.code.Symbol.complete;com.sun.tools.javac.code.ClassFinder$$Lambda$92/0x00007f4be809cc60.complete;com.sun.tools.javac.code.ClassFinder.complete;com.sun.tools.javac.code.ClassFinder.fillIn;com.sun.tools.javac.code.ClassFinder.scanModulePaths;com.sun.tools.javac.code.ClassFinder.fillIn;com.sun.tools.javac.code.ClassFinder.includeClassFile;com.sun.tools.javac.code.Symtab.enterClass;com.sun.tools.javac.code.Symtab.defineClass;com.sun.tools.javac.code.Symbol$ClassSymbol.<init>;com.sun.tools.javac.code.Type$ClassType.<init>;com.sun.tools.javac.code.Type$ClassType.<init>,0.0000
com.sun.tools.javac.launcher.Main.main;com.sun.tools.javac.launcher.Main.run;com.sun.tools.javac.launcher.Main.compile;com.sun.tools.javac.api.JavacTaskImpl.call;com.sun.tools.javac.api.JavacTaskImpl.doCall;com.sun.tools.javac.api.JavacTaskImpl.invocationHelper;com.sun.tools.javac.api.JavacTaskImpl$$Lambda$84/0x00007f4be8038248.call;com.sun.tools.javac.api.JavacTaskImpl.lambda$doCall$0;com.sun.tools.javac.api.JavacTaskImpl.prepareCompiler;com.sun.tools.javac.api.BasicJavacTask.initPlugins;com.sun.tools.javac.processing.JavacProcessingEnvironment.instance;com.sun.tools.javac.processing.JavacProcessingEnvironment.<init>;com.sun.tools.javac.main.JavaCompiler.instance;com.sun.tools.javac.main.JavaCompiler.<init>;com.sun.tools.javac.code.ClassFinder.instance;com.sun.tools.javac.code.ClassFinder.<init>;com.sun.tools.javac.jvm.ClassReader.instance;com.sun.tools.javac.jvm.ClassReader.<init>;com.sun.tools.javac.comp.Annotate.instance;com.sun.tools.javac.comp.Annotate.<init>;com.sun.tools.javac.comp.Attr.instance;com.sun.tools.javac.comp.Attr.<init>;com.sun.tools.javac.code.Symtab.instance;com.sun.tools.javac.code.Symtab.<init>;com.sun.tools.javac.comp.Modules.instance;com.sun.tools.javac.comp.Modules.<init>;com.sun.tools.javac.comp.Check.instance;com.sun.tools.javac.comp.Check.<init>;com.sun.tools.javac.comp.Resolve.instance;com.sun.tools.javac.comp.Resolve.<init>;com.sun.tools.javac.comp.AttrRecover.instance;com.sun.tools.javac.comp.AttrRecover.<init>;com.sun.tools.javac.comp.DeferredAttr.instance;com.sun.tools.javac.comp.DeferredAttr.<init>;com.sun.tools.javac.comp.Enter.instance;com.sun.tools.javac.comp.Enter.<init>;com.sun.tools.javac.tree.TreeMaker.instance;com.sun.tools.javac.tree.TreeMaker.<init>;com.sun.tools.javac.code.Types.instance;com.sun.tools.javac.code.Types.<init>;java.lang.ClassLoader.loadClass;jdk.internal.loader.ClassLoaders$AppClassLoader.loadClass;jdk.internal.loader.BuiltinClassLoader.loadClass;jdk.internal.loader.BuiltinClassLoader.loadClassOrNull;jdk.internal.loader.BuiltinClassLoader.findClassInModuleOrNull;jdk.internal.loader.BuiltinClassLoader.defineClass;java.security.SecureClassLoader.defineClass;java.lang.ClassLoader.defineClass;java.lang.ClassLoader.defineClass2,0.0000
com.sun.tools.javac.launcher.Main.main;com.sun.tools.javac.launcher.Main.run;com.sun.tools.javac.launcher.Main.compile;com.sun.tools.javac.api.JavacTaskImpl.call;com.sun.tools.javac.api.JavacTaskImpl.doCall;com.sun.tools.javac.api.JavacTaskImpl.invocationHelper;com.sun.tools.javac.api.JavacTaskImpl$$Lambda$84/0x00007f4be8038248.call;com.sun.tools.javac.api.JavacTaskImpl.lambda$doCall$0;com.sun.tools.javac.main.JavaCompiler.compile;com.sun.tools.javac.main.JavaCompiler.generate;com.sun.tools.javac.main.JavaCompiler.generate;com.sun.tools.javac.main.JavaCompiler.genCode;com.sun.tools.javac.jvm.Gen.genClass;com.sun.tools.javac.jvm.Gen.genDef;com.sun.tools.javac.tree.JCTree$JCMethodDecl.accept;com.sun.tools.javac.jvm.Gen.visitMethodDef;com.sun.tools.javac.jvm.Gen.genMethod;com.sun.tools.javac.jvm.Gen.genStat;com.sun.tools.javac.jvm.Gen.genDef;com.sun.tools.javac.tree.JCTree$JCBlock.accept;com.sun.tools.javac.jvm.Gen.visitBlock;com.sun.tools.javac.jvm.Gen.genStats;com.sun.tools.javac.jvm.Gen.genStat;com.sun.tools.javac.jvm.Gen.genStat;com.sun.tools.javac.jvm.Gen.genDef;com.sun.tools.javac.tree.JCTree$JCForLoop.accept;com.sun.tools.javac.jvm.Gen.visitForLoop;com.sun.tools.javac.jvm.Gen.genLoop;com.sun.tools.javac.jvm.Gen.genStat;com.sun.tools.javac.jvm.Gen.genStat;com.sun.tools.javac.jvm.Gen.genDef;com.sun.tools.javac.tree.JCTree$JCBlock.accept;com.sun.tools.javac.jvm.Gen.visitBlock;com.sun.tools.javac.jvm.Gen.genStats;com.sun.tools.javac.jvm.Gen.genStat;com.sun.tools.javac.jvm.Gen.genStat;com.sun.tools.javac.jvm.Gen.genDef;com.sun.tools.javac.tree.JCTree$JCExpressionStatement.accept;com.sun.tools.javac.jvm.Gen.visitExec;com.sun.tools.javac.jvm.Gen.genExpr;com.sun.tools.javac.tree.JCTree$JCMethodInvocation.accept;com.sun.tools.javac.jvm.Gen.visitApply;com.sun.tools.javac.jvm.Gen.genArgs;com.sun.tools.javac.jvm.Gen.genExpr;com.sun.tools.javac.tree.JCTree$JCBinary.accept;com.sun.tools.javac.jvm.Gen.visitBinary;com.sun.tools.javac.jvm.StringConcat$Indy.makeConcat;com.sun.tools.javac.jvm.StringConcat$IndyConstants.emit;com.sun.tools.javac.jvm.StringConcat$IndyConstants.doCall;com.sun.tools.javac.jvm.Items$DynamicItem.invoke;com.sun.tools.javac.jvm.Code.emitInvokedynamic;com.sun.tools.javac.jvm.PoolWriter.putDynamic;com.sun.tools.javac.jvm.PoolWriter$WriteablePoolHelper.writeIfNeeded;com.sun.tools.javac.jvm.PoolConstant$Dynamic.poolKey;com.sun.tools.javac.jvm.PoolConstant$Dynamic.bsmKey;com.sun.tools.javac.jvm.PoolConstant$Dynamic$BsmKey.<init>;java.util.stream.ReferencePipeline.collect;java.util.stream.AbstractPipeline.evaluate;java.util.stream.ReduceOps$ReduceOp.evaluateSequential;java.util.stream.AbstractPipeline.wrapAndCopyInto;java.util.stream.AbstractPipeline.copyInto;java.util.Spliterator.getExactSizeIfKnown;java.util.Spliterators$ArraySpliterator.estimateSize,0.0000
com.sun.tools.javac.launcher.Main.main;com.sun.tools.javac.launcher.Main.run;com.sun.tools.javac.launcher.Main.compile;com.sun.tools.javac.api.JavacTaskImpl.call;com.sun.tools.javac.api.JavacTaskImpl.doCall;com.sun.tools.javac.api.JavacTaskImpl.invocationHelper;com.sun.tools.javac.api.JavacTaskImpl$$Lambda$84/0x00007f4be8038248.call;com.sun.tools.javac.api.JavacTaskImpl.lambda$doCall$0;com.sun.tools.javac.main.JavaCompiler.compile;com.sun.tools.javac.main.JavaCompiler.attribute;com.sun.tools.javac.comp.Attr.attrib;com.sun.tools.javac.comp.Attr.attribClass;com.sun.tools.javac.comp.Attr.attribClass;com.sun.tools.javac.comp.Attr.attribClassBody;com.sun.tools.javac.comp.Attr.attribStat;com.sun.tools.javac.comp.Attr.attribTree;com.sun.tools.javac.tree.JCTree$JCMethodDecl.accept;com.sun.tools.javac.comp.Attr.visitMethodDef;com.sun.tools.javac.comp.Attr.attribStat;com.sun.tools.javac.comp.Attr.attribTree;com.sun.tools.javac.tree.JCTree$JCBlock.accept;com.sun.tools.javac.comp.Attr.visitBlock;com.sun.tools.javac.comp.Attr.attribStats;com.sun.tools.javac.comp.Attr.attribStat;com.sun.tools.javac.comp.Attr.attribTree;com.sun.tools.javac.tree.JCTree$JCForLoop.accept;com.sun.tools.javac.comp.Attr.visitForLoop;com.sun.tools.javac.comp.Attr.breaksOutOf;com.sun.tools.javac.comp.Flow.breaksOutOf;com.sun.tools.javac.comp.Flow$AliveAnalyzer.analyzeTree;java.lang.ClassLoader.loadClass;jdk.internal.loader.ClassLoaders$AppClassLoader.loadClass;jdk.internal.loader.BuiltinClassLoader.loadClass;jdk.internal.loader.BuiltinClassLoader.loadClassOrNull;jdk.internal.loader.BuiltinClassLoader.findClassInModuleOrNull;jdk.internal.loader.BuiltinClassLoader.defineClass;java.security.SecureClassLoader.defineClass;java.lang.ClassLoader.defineClass;java.lang.ClassLoader.defineClass2,0.0000
com.sun.tools.javac.launcher.Main.main;com.sun.tools.javac.launcher.Main.run;com.sun.tools.javac.launcher.Main.compile;com.sun.tools.javac.api.JavacTaskImpl.call;com.sun.tools.javac.api.JavacTaskImpl.doCall;com.sun.tools.javac.api.JavacTaskImpl.invocationHelper;com.sun.tools.javac.api.JavacTaskImpl$$Lambda$84/0x00007f4be8038248.call;com.sun.tools.javac.api.JavacTaskImpl.lambda$doCall$0;com.sun.tools.javac.api.JavacTaskImpl.prepareCompiler;com.sun.tools.javac.api.BasicJavacTask.initPlugins;com.sun.tools.javac.processing.JavacProcessingEnvironment.instance;com.sun.tools.javac.processing.JavacProcessingEnvironment.<init>;com.sun.tools.javac.main.JavaCompiler.instance;com.sun.tools.javac.main.JavaCompiler.<init>;com.sun.tools.javac.code.ClassFinder.instance;com.sun.tools.javac.code.ClassFinder.<init>;java.lang.ClassLoader.loadClass;jdk.internal.loader.ClassLoaders$AppClassLoader.loadClass;jdk.internal.loader.BuiltinClassLoader.loadClass;jdk.internal.loader.BuiltinClassLoader.loadClassOrNull;jdk.internal.loader.BuiltinClassLoader.findClassInModuleOrNull;jdk.internal.loader.BuiltinClassLoader.defineClass;java.security.SecureClassLoader.defineClass;java.lang.ClassLoader.defineClass;java.lang.ClassLoader.defineClass2;java.lang.ClassLoader.addClass,0.0000
com.sun.tools.javac.launcher.Main.main;com.sun.tools.javac.launcher.Main.run;com.sun.tools.javac.launcher.Main.execute;java.lang.reflect.Method.invoke;jdk.internal.reflect.DelegatingMethodAccessorImpl.invoke;jdk.internal.reflect.NativeMethodAccessorImpl.invoke;jdk.internal.reflect.NativeMethodAccessorImpl.invoke0;WeakHashMap2.main;java.util.WeakHashMap.put;java.util.WeakHashMap.getTable;java.util.WeakHashMap.expungeStaleEntries;java.lang.ref.ReferenceQueue.poll,0.0000
com.sun.tools.javac.launcher.Main.main;com.sun.tools.javac.launcher.Main.run;com.sun.tools.javac.launcher.Main.compile;com.sun.tools.javac.api.JavacTaskImpl.call;com.sun.tools.javac.api.JavacTaskImpl.doCall;com.sun.tools.javac.api.JavacTaskImpl.invocationHelper;com.sun.tools.javac.api.JavacTaskImpl$$Lambda$84/0x00007f4be8038248.call;com.sun.tools.javac.api.JavacTaskImpl.lambda$doCall$0;com.sun.tools.javac.main.JavaCompiler.compile;com.sun.tools.javac.main.JavaCompiler.initModules;com.sun.tools.javac.comp.Modules.initModules;com.sun.tools.javac.comp.Modules.enter;com.sun.tools.javac.comp.Modules$$Lambda$137/0x00007f4be8109000.accept;com.sun.tools.javac.comp.Modules.lambda$initModules$0;com.sun.tools.javac.comp.Modules.setupAllModules;com.sun.tools.javac.comp.Modules$$Lambda$149/0x00007f4be81112d0.test;com.sun.tools.javac.comp.Modules.lambda$setupAllModules$8;com.sun.tools.javac.code.Symbol.complete;com.sun.tools.javac.code.Symtab$$Lambda$95/0x00007f4be80b68c8.complete;com.sun.tools.javac.code.Symtab.lambda$enterModule$9;com.sun.tools.javac.comp.Modules$1.complete;com.sun.tools.javac.comp.Modules.completeModule;java.lang.invoke.MethodHandleNatives.linkCallSite;java.lang.invoke.MethodHandleNatives.linkCallSiteImpl;java.lang.invoke.CallSite.makeSite;java.lang.invoke.BootstrapMethodInvoker.invoke;java.lang.invoke.Invokers$Holder.invokeExact_MT;java.lang.invoke.LambdaForm$DMH/0x00007f4be8108800.invokeStatic;java.lang.invoke.LambdaMetafactory.metafactory;java.lang.invoke.InnerClassLambdaMetafactory.<init>;java.lang.invoke.MethodType.toMethodDescriptorString;sun.invoke.util.BytecodeDescriptor.unparseMethod;sun.invoke.util.BytecodeDescriptor.unparseSig;java.lang.Class.descriptorString;java.lang.StringBuilder.toString,0.0000
com.sun.tools.javac.launcher.Main.main;com.sun.tools.javac.launcher.Main.run;com.sun.tools.javac.launcher.Main.execute;java.lang.reflect.Method.invoke;jdk.internal.reflect.DelegatingMethodAccessorImpl.invoke;jdk.internal.reflect.NativeMethodAccessorImpl.invoke;jdk.internal.reflect.NativeMethodAccessorImpl.invoke0;WeakHashMap2.main;java.util.WeakHashMap.put;java.util.WeakHashMap.resize;java.util.WeakHashMap.newTable,0.0000
com.sun.tools.javac.launcher.Main.main;com.sun.tools.javac.launcher.Main.run;com.sun.tools.javac.launcher.Main.execute;java.lang.reflect.Method.invoke;jdk.internal.reflect.DelegatingMethodAccessorImpl.invoke;jdk.internal.reflect.NativeMethodAccessorImpl.invoke;jdk.internal.reflect.NativeMethodAccessorImpl.invoke0;WeakHashMap2.main;java.lang.invoke.Invokers$Holder.linkToTargetMethod;java.lang.invoke.LambdaForm$MH/0x00007f4be803dc00.invoke;java.lang.invoke.DirectMethodHandle$Holder.invokeStatic;java.lang.StringConcatHelper.newArray;jdk.internal.misc.Unsafe.allocateUninitializedArray;java.lang.Class.isPrimitive,0.0000
com.sun.tools.javac.launcher.Main.main;com.sun.tools.javac.launcher.Main.run;com.sun.tools.javac.launcher.Main.compile;com.sun.tools.javac.api.JavacTaskImpl.call;com.sun.tools.javac.api.JavacTaskImpl.doCall;com.sun.tools.javac.api.JavacTaskImpl.invocationHelper;com.sun.tools.javac.api.JavacTaskImpl$$Lambda$84/0x00007f4be8038248.call;com.sun.tools.javac.api.JavacTaskImpl.lambda$doCall$0;com.sun.tools.javac.api.JavacTaskImpl.prepareCompiler;com.sun.tools.javac.api.BasicJavacTask.initPlugins;com.sun.tools.javac.processing.JavacProcessingEnvironment.instance;com.sun.tools.javac.processing.JavacProcessingEnvironment.<init>;com.sun.tools.javac.main.JavaCompiler.instance;com.sun.tools.javac.main.JavaCompiler.<init>;com.sun.tools.javac.code.ClassFinder.instance;com.sun.tools.javac.code.ClassFinder.<init>;com.sun.tools.javac.jvm.ClassReader.instance;com.sun.tools.javac.jvm.ClassReader.<init>;com.sun.tools.javac.comp.Annotate.instance;com.sun.tools.javac.comp.Annotate.<init>;com.sun.tools.javac.comp.Attr.instance;com.sun.tools.javac.comp.Attr.<init>;com.sun.tools.javac.code.Symtab.instance;com.sun.tools.javac.code.Symtab.<init>;com.sun.tools.javac.comp.Modules.instance;com.sun.tools.javac.comp.Modules.<init>;com.sun.tools.javac.jvm.ClassWriter.instance;com.sun.tools.javac.jvm.ClassWriter.<init>;com.sun.tools.javac.jvm.Gen.instance;com.sun.tools.javac.jvm.Gen.<init>;com.sun.tools.javac.jvm.Code$StackMapFormat.<clinit>;java.lang.ClassLoader.loadClass;jdk.internal.loader.ClassLoaders$AppClassLoader.loadClass;jdk.internal.loader.BuiltinClassLoader.loadClass;jdk.internal.loader.BuiltinClassLoader.loadClassOrNull;jdk.internal.loader.BuiltinClassLoader.findClassInModuleOrNull;jdk.internal.loader.BuiltinClassLoader.defineClass;java.security.SecureClassLoader.defineClass;java.lang.ClassLoader.defineClass;java.lang.ClassLoader.defineClass2,0.0000
com.sun.tools.javac.launcher.Main.main;com.sun.tools.javac.launcher.Main.run;com.sun.tools.javac.launcher.Main.compile;com.sun.tools.javac.api.JavacTaskImpl.call;com.sun.tools.javac.api.JavacTaskImpl.doCall;com.sun.tools.javac.api.JavacTaskImpl.invocationHelper;com.sun.tools.javac.api.JavacTaskImpl$$Lambda$84/0x00007f4be8038248.call;com.sun.tools.javac.api.JavacTaskImpl.lambda$doCall$0;com.sun.tools.javac.api.JavacTaskImpl.prepareCompiler;java.util.concurrent.atomic.AtomicBoolean.getAndSet;java.lang.invoke.MethodHandleNatives.linkMethod;java.lang.invoke.MethodHandleNatives.linkMethodImpl;java.lang.invoke.MethodHandleNatives.varHandleOperationLinkerMethod;java.lang.invoke.MethodHandleNatives.getVarHandleGuardMethodName,0.0000
com.sun.tools.javac.launcher.Main.main;com.sun.tools.javac.launcher.Main.run;com.sun.tools.javac.launcher.Main.execute;java.lang.reflect.Method.invoke;jdk.internal.reflect.DelegatingMethodAccessorImpl.invoke;jdk.internal.reflect.NativeMethodAccessorImpl.invoke;jdk.internal.reflect.NativeMethodAccessorImpl.invoke0;WeakHashMap2.main;java.util.WeakHashMap$HashIterator.hasNext,0.0000
com.sun.tools.javac.launcher.Main.main;com.sun.tools.javac.launcher.Main.run;com.sun.tools.javac.launcher.Main.compile;com.sun.tools.javac.api.JavacTaskImpl.call;com.sun.tools.javac.api.JavacTaskImpl.doCall;com.sun.tools.javac.api.JavacTaskImpl.invocationHelper;com.sun.tools.javac.api.JavacTaskImpl$$Lambda$84/0x00007f4be8038248.call;com.sun.tools.javac.api.JavacTaskImpl.lambda$doCall$0;com.sun.tools.javac.main.JavaCompiler.compile;com.sun.tools.javac.main.JavaCompiler.attribute;com.sun.tools.javac.comp.Attr.attrib;com.sun.tools.javac.comp.Attr.attribClass;com.sun.tools.javac.comp.Attr.attribClass;com.sun.tools.javac.comp.Attr.attribClassBody;com.sun.tools.javac.comp.Attr.attribStat;com.sun.tools.javac.comp.Attr.attribTree;com.sun.tools.javac.tree.JCTree$JCMethodDecl.accept;com.sun.tools.javac.comp.Attr.visitMethodDef;com.sun.tools.javac.comp.Attr.attribStat;com.sun.tools.javac.comp.Attr.attribTree;com.sun.tools.javac.tree.JCTree$JCBlock.accept;com.sun.tools.javac.comp.Attr.visitBlock;com.sun.tools.javac.comp.Attr.attribStats;com.sun.tools.javac.comp.Attr.attribStat;com.sun.tools.javac.comp.Attr.attribTree;com.sun.tools.javac.tree.JCTree$JCVariableDecl.accept;com.sun.tools.javac.comp.Attr.visitVarDef;com.sun.tools.javac.comp.Attr.attribExpr;com.sun.tools.javac.comp.Attr.attribTree;com.sun.tools.javac.tree.JCTree$JCNewClass.accept;com.sun.tools.javac.comp.Attr.visitNewClass;com.sun.tools.javac.comp.Resolve.resolveConstructor;com.sun.tools.javac.comp.Resolve.resolveConstructor;com.sun.tools.javac.comp.Resolve.lookupMethod;com.sun.tools.javac.comp.Resolve$BasicLookupHelper.lookup;com.sun.tools.javac.comp.Resolve$13.doLookup;com.sun.tools.javac.comp.Resolve.findConstructor;com.sun.tools.javac.comp.Resolve.findMethod;com.sun.tools.javac.comp.Resolve.findMethod;com.sun.tools.javac.comp.Resolve.findMethodInScope;com.sun.tools.javac.comp.Resolve.selectBest;com.sun.tools.javac.comp.Resolve.rawInstantiate;com.sun.tools.javac.code.Types.memberType;com.sun.tools.javac.code.Types$DefaultTypeVisitor.visit;com.sun.tools.javac.code.Type$ClassType.accept;com.sun.tools.javac.code.Types$13.visitClassType;com.sun.tools.javac.code.Types$13.visitClassType;com.sun.tools.javac.code.Types.subst;com.sun.tools.javac.code.Type.map;com.sun.tools.javac.code.Types$DefaultTypeVisitor.visit;com.sun.tools.javac.code.Type$MethodType.accept;com.sun.tools.javac.code.Type$StructuralTypeMapping.visitMethodType;com.sun.tools.javac.code.Type$StructuralTypeMapping.visitMethodType;com.sun.tools.javac.code.Types$TypeMapping.visit;java.lang.invoke.Invokers$Holder.linkToTargetMethod;java.lang.invoke.DirectMethodHandle$Holder.newInvokeSpecial;com.sun.tools.javac.code.Types$TypeMapping$$Lambda$212/0x00007f4be8129118.<init>,0.0000
com.sun.tools.javac.launcher.Main.main;com.sun.tools.javac.launcher.Main.run;com.sun.tools.javac.launcher.Main.compile;com.sun.tools.javac.api.JavacTool.getStandardFileManager;com.sun.tools.javac.file.JavacFileManager.<init>;com.sun.tools.javac.file.JavacFileManager.setContext;com.sun.tools.javac.file.BaseFileManager.setContext;com.sun.tools.javac.util.Log.instance;com.sun.tools.javac.util.Log.<init>;com.sun.tools.javac.util.Log.<init>;com.sun.tools.javac.util.JCDiagnostic$Factory.instance;com.sun.tools.javac.util.JCDiagnostic$Factory.<init>;java.lang.invoke.MethodHandleNatives.linkMethodHandleConstant;java.lang.invoke.MethodHandles$Lookup.linkMethodHandleConstant;java.lang.invoke.MethodHandles$Lookup.getDirectMethodForConstant;java.lang.invoke.MethodHandles$Lookup.getDirectMethodNoSecurityManager;java.lang.invoke.MethodHandles$Lookup.getDirectMethodCommon;java.lang.invoke.DirectMethodHandle.make;java.lang.invoke.DirectMethodHandle.preparedLambdaForm;java.lang.invoke.DirectMethodHandle.preparedLambdaForm;java.lang.invoke.DirectMethodHandle.preparedLambdaForm;java.lang.invoke.DirectMethodHandle.makePreparedLambdaForm;java.lang.invoke.LambdaForm.compileToBytecode;java.lang.invoke.InvokerBytecodeGenerator.generateCustomizedCode;java.lang.invoke.InvokerBytecodeGenerator.loadMethod;java.lang.invoke.InvokerBytecodeGenerator.resolveInvokerMember;java.lang.invoke.MemberName.<init>,0.0000
com.sun.tools.javac.launcher.Main.main;com.sun.tools.javac.launcher.Main.run;com.sun.tools.javac.launcher.Main.compile;com.sun.tools.javac.api.JavacTaskImpl.call;com.sun.tools.javac.api.JavacTaskImpl.doCall;com.sun.tools.javac.api.JavacTaskImpl.invocationHelper;com.sun.tools.javac.api.JavacTaskImpl$$Lambda$84/0x00007f4be8038248.call;com.sun.tools.javac.api.JavacTaskImpl.lambda$doCall$0;com.sun.tools.javac.api.JavacTaskImpl.prepareCompiler;com.sun.tools.javac.api.BasicJavacTask.initPlugins;com.sun.tools.javac.processing.JavacProcessingEnvironment.instance;com.sun.tools.javac.processing.JavacProcessingEnvironment.<init>;com.sun.tools.javac.main.JavaCompiler.instance;com.sun.tools.javac.main.JavaCompiler.<init>;com.sun.tools.javac.code.ClassFinder.instance;com.sun.tools.javac.code.ClassFinder.<init>;com.sun.tools.javac.jvm.ClassReader.instance;com.sun.tools.javac.jvm.ClassReader.<init>;com.sun.tools.javac.comp.Annotate.instance;com.sun.tools.javac.comp.Annotate.<init>;com.sun.tools.javac.comp.Attr.instance;com.sun.tools.javac.comp.Attr.<init>;com.sun.tools.javac.code.Symtab.instance;com.sun.tools.javac.code.Symtab.<init>;com.sun.tools.javac.comp.Modules.instance;com.sun.tools.javac.comp.Modules.<init>;com.sun.tools.javac.comp.Check.instance;com.sun.tools.javac.comp.Check.<init>;java.lang.ClassLoader.loadClass;jdk.internal.loader.ClassLoaders$AppClassLoader.loadClass;jdk.internal.loader.BuiltinClassLoader.loadClass;jdk.internal.loader.BuiltinClassLoader.loadClassOrNull;jdk.internal.loader.BuiltinClassLoader.findClassInModuleOrNull;jdk.internal.loader.BuiltinClassLoader.defineClass;java.security.SecureClassLoader.defineClass;java.lang.ClassLoader.defineClass;java.lang.ClassLoader.defineClass2,0.0000
com.sun.tools.javac.launcher.Main.main;com.sun.tools.javac.launcher.Main.run;com.sun.tools.javac.launcher.Main.execute;java.lang.reflect.Method.invoke;jdk.internal.reflect.DelegatingMethodAccessorImpl.invoke;jdk.internal.reflect.NativeMethodAccessorImpl.invoke;jdk.internal.reflect.NativeMethodAccessorImpl.invoke0;WeakHashMap2.main;java.util.WeakHashMap.put;java.util.WeakHashMap.resize;java.util.WeakHashMap.transfer,0.0000
com.sun.tools.javac.launcher.Main.main;com.sun.tools.javac.launcher.Main.run;com.sun.tools.javac.launcher.Main.compile;com.sun.tools.javac.api.JavacTaskImpl.call;com.sun.tools.javac.api.JavacTaskImpl.doCall;com.sun.tools.javac.api.JavacTaskImpl.invocationHelper;com.sun.tools.javac.api.JavacTaskImpl$$Lambda$84/0x00007f4be8038248.call;com.sun.tools.javac.api.JavacTaskImpl.lambda$doCall$0;com.sun.tools.javac.main.JavaCompiler.compile;com.sun.tools.javac.main.JavaCompiler.desugar;com.sun.tools.javac.main.JavaCompiler.desugar;com.sun.tools.javac.comp.Lower.translateTopLevelClass;com.sun.tools.javac.comp.Lower.translate;com.sun.tools.javac.comp.Lower.translate;com.sun.tools.javac.tree.TreeTranslator.translate;com.sun.tools.javac.tree.JCTree$JCClassDecl.accept;com.sun.tools.javac.comp.Lower.visitClassDef;com.sun.tools.javac.comp.Lower.translate;com.sun.tools.javac.tree.TreeTranslator.translate;com.sun.tools.javac.tree.JCTree$JCMethodDecl.accept;com.sun.tools.javac.comp.Lower.visitMethodDef;com.sun.tools.javac.comp.Lower.visitMethodDefInternal;com.sun.tools.javac.tree.TreeTranslator.visitMethodDef;com.sun.tools.javac.comp.Lower.translate;com.sun.tools.javac.tree.TreeTranslator.translate;com.sun.tools.javac.tree.JCTree$JCBlock.accept;com.sun.tools.javac.comp.Lower.visitBlock;com.sun.tools.javac.tree.TreeTranslator.visitBlock;com.sun.tools.javac.tree.TreeTranslator.translate;com.sun.tools.javac.comp.Lower.translate;com.sun.tools.javac.tree.TreeTranslator.translate;com.sun.tools.javac.tree.JCTree$JCForLoop.accept;com.sun.tools.javac.comp.Lower.visitForLoop;com.sun.tools.javac.comp.Lower.translate;com.sun.tools.javac.comp.Lower.translate;com.sun.tools.javac.comp.Lower.make_at;com.sun.tools.javac.tree.TreeMaker.at;com.sun.tools.javac.tree.JCTree.getStartPosition;com.sun.tools.javac.tree.TreeInfo.getStartPos;java.lang.ClassLoader.loadClass;jdk.internal.loader.ClassLoaders$AppClassLoader.loadClass;jdk.internal.loader.BuiltinClassLoader.loadClass;jdk.internal.loader.BuiltinClassLoader.loadClassOrNull;jdk.internal.loader.BuiltinClassLoader.findClassInModuleOrNull;jdk.internal.loader.BuiltinClassLoader.defineClass;java.security.SecureClassLoader.defineClass;java.lang.ClassLoader.defineClass;java.lang.ClassLoader.defineClass2,0.0000
com.sun.tools.javac.launcher.Main.main;com.sun.tools.javac.launcher.Main.run;com.sun.tools.javac.launcher.Main.compile;com.sun.tools.javac.api.JavacTaskImpl.call;com.sun.tools.javac.api.JavacTaskImpl.doCall;com.sun.tools.javac.api.JavacTaskImpl.invocationHelper;com.sun.tools.javac.api.JavacTaskImpl$$Lambda$84/0x00007f4be8038248.call;com.sun.tools.javac.api.JavacTaskImpl.lambda$doCall$0;com.sun.tools.javac.main.JavaCompiler.compile;com.sun.tools.javac.main.JavaCompiler.attribute;com.sun.tools.javac.comp.Attr.attrib;com.sun.tools.javac.comp.Attr.attribClass;com.sun.tools.javac.comp.Attr.attribClass;com.sun.tools.javac.util.List.collector;java.lang.invoke.MethodHandleNatives.linkCallSite;java.lang.invoke.MethodHandleNatives.linkCallSiteImpl;java.lang.invoke.CallSite.makeSite;java.lang.invoke.BootstrapMethodInvoker.invoke;java.lang.invoke.Invokers$Holder.invokeExact_MT;java.lang.invoke.LambdaForm$DMH/0x00007f4be8108800.invokeStatic;java.lang.invoke.LambdaMetafactory.metafactory;java.lang.invoke.InnerClassLambdaMetafactory.buildCallSite;java.lang.invoke.InnerClassLambdaMetafactory.spinInnerClass;java.lang.invoke.InnerClassLambdaMetafactory.generateInnerClass;java.lang.invoke.MethodHandles$Lookup.defineHiddenClass;java.lang.invoke.MethodHandles$Lookup$ClassDefiner.defineClassAsLookup;java.lang.invoke.MethodHandles$Lookup$ClassDefiner.defineClass;java.lang.System$2.defineClass;java.lang.ClassLoader.defineClass0,0.0000
com.sun.tools.javac.launcher.Main.main;com.sun.tools.javac.launcher.Main.run;com.sun.tools.javac.launcher.Main.execute;java.lang.reflect.Method.invoke;jdk.internal.reflect.DelegatingMethodAccessorImpl.invoke;jdk.internal.reflect.NativeMethodAccessorImpl.invoke;jdk.internal.reflect.NativeMethodAccessorImpl.invoke0;WeakHashMap2.main;java.util.WeakHashMap.put;java.util.WeakHashMap.hash,0.0000
com.sun.tools.javac.launcher.Main.main;com.sun.tools.javac.launcher.Main.run;com.sun.tools.javac.launcher.Main.compile;com.sun.tools.javac.api.JavacTaskImpl.call;com.sun.tools.javac.api.JavacTaskImpl.doCall;com.sun.tools.javac.api.JavacTaskImpl.invocationHelper;com.sun.tools.javac.api.JavacTaskImpl$$Lambda$84/0x00007f4be8038248.call;com.sun.tools.javac.api.JavacTaskImpl.lambda$doCall$0;com.sun.tools.javac.main.JavaCompiler.compile;com.sun.tools.javac.main.JavaCompiler.enterTrees;com.sun.tools.javac.comp.Enter.main;com.sun.tools.javac.comp.Enter.complete;com.sun.tools.javac.comp.Enter.classEnter;com.sun.tools.javac.comp.Enter.classEnter;com.sun.tools.javac.tree.JCTree$JCCompilationUnit.accept;com.sun.tools.javac.comp.Enter.visitTopLevel;com.sun.tools.javac.comp.Enter.topLevelEnv,0.0000
com.sun.tools.javac.launcher.Main.main;com.sun.tools.javac.launcher.Main.run;com.sun.tools.javac.launcher.Main.compile;com.sun.tools.javac.api.JavacTaskImpl.call;com.sun.tools.javac.api.JavacTaskImpl.doCall;com.sun.tools.javac.api.JavacTaskImpl.invocationHelper;com.sun.tools.javac.api.JavacTaskImpl$$Lambda$84/0x00007f4be8038248.call;com.sun.tools.javac.api.JavacTaskImpl.lambda$doCall$0;com.sun.tools.javac.main.JavaCompiler.compile;com.sun.tools.javac.main.JavaCompiler.enterTrees;com.sun.tools.javac.comp.Enter.main;com.sun.tools.javac.comp.Enter.complete;com.sun.tools.javac.code.Symbol$ClassSymbol.complete;com.sun.tools.javac.code.Symbol.complete;com.sun.tools.javac.comp.TypeEnter.complete;com.sun.tools.javac.comp.TypeEnter$Phase.completeEnvs;com.sun.tools.javac.comp.TypeEnter$Phase.completeEnvs;com.sun.tools.javac.comp.TypeEnter$Phase.completeEnvs;com.sun.tools.javac.comp.TypeEnter$Phase.completeEnvs;com.sun.tools.javac.comp.TypeEnter$Phase.completeEnvs;com.sun.tools.javac.comp.TypeEnter$Phase.completeEnvs;com.sun.tools.javac.comp.TypeEnter$AbstractMembersPhase.doCompleteEnvs;com.sun.tools.javac.comp.TypeEnter$Phase.doCompleteEnvs;com.sun.tools.javac.comp.TypeEnter$MembersPhase.runPhase;com.sun.tools.javac.comp.TypeEnter$MembersPhase.finishClass;com.sun.tools.javac.comp.MemberEnter.memberEnter;com.sun.tools.javac.comp.MemberEnter.memberEnter;com.sun.tools.javac.tree.JCTree$JCMethodDecl.accept;com.sun.tools.javac.comp.MemberEnter.visitMethodDef;com.sun.tools.javac.comp.MemberEnter.signature;com.sun.tools.javac.comp.MemberEnter.memberEnter;com.sun.tools.javac.tree.JCTree$JCVariableDecl.accept;com.sun.tools.javac.comp.MemberEnter.visitVarDef;com.sun.tools.javac.comp.Attr.attribType;com.sun.tools.javac.comp.Attr.attribType;com.sun.tools.javac.comp.Attr.attribTree;com.sun.tools.javac.tree.JCTree$JCArrayTypeTree.accept;com.sun.tools.javac.comp.Attr.visitTypeArray;com.sun.tools.javac.comp.Attr.attribType;com.sun.tools.javac.comp.Attr.attribType;com.sun.tools.javac.comp.Attr.attribTree;com.sun.tools.javac.tree.JCTree$JCIdent.accept;com.sun.tools.javac.comp.Attr.visitIdent;com.sun.tools.javac.comp.Resolve.resolveIdent;com.sun.tools.javac.comp.Resolve.findIdent;com.sun.tools.javac.comp.Resolve.findIdentInternal;com.sun.tools.javac.comp.Resolve.findType;com.sun.tools.javac.comp.Resolve.findGlobalType;com.sun.tools.javac.util.Iterators$CompoundIterator.hasNext;com.sun.tools.javac.util.Iterators$CompoundIterator.update;com.sun.tools.javac.code.Scope$CompoundScope$$Lambda$189/0x00007f4be811e680.apply;com.sun.tools.javac.code.Scope$CompoundScope.lambda$getSymbolsByName$2;com.sun.tools.javac.code.Scope$FilterImportScope$$Lambda$190/0x00007f4be811ef88.iterator;com.sun.tools.javac.code.Scope$FilterImportScope.lambda$getSymbolsByName$3;com.sun.tools.javac.util.Iterators.createFilterIterator;com.sun.tools.javac.util.Iterators$2.<init>;com.sun.tools.javac.util.Iterators$2.update;com.sun.tools.javac.code.Scope$FilterImportScope$$Lambda$192/0x00007f4be811f410.test;com.sun.tools.javac.code.Scope$FilterImportScope.lambda$getSymbolsByName$2;com.sun.tools.javac.comp.TypeEnter$ImportsPhase$$Lambda$176/0x00007f4be8119598.accepts;com.sun.tools.javac.comp.TypeEnter$ImportsPhase.lambda$resolveImports$2;com.sun.tools.javac.comp.Check.importAccessible;com.sun.tools.javac.code.Symbol$ClassSymbol.flags;com.sun.tools.javac.code.Symbol$ClassSymbol.complete;com.sun.tools.javac.code.Symbol.complete;com.sun.tools.javac.code.ClassFinder$$Lambda$92/0x00007f4be809cc60.complete;com.sun.tools.javac.code.ClassFinder.complete;com.sun.tools.javac.code.ClassFinder.fillIn;com.sun.tools.javac.jvm.ClassReader.readClassFile;com.sun.tools.javac.jvm.ClassReader.readClassBuffer;com.sun.tools.javac.jvm.ClassReader.readClass;com.sun.tools.javac.jvm.ClassReader.readClassAttrs;com.sun.tools.javac.jvm.ClassReader.readAttrs;com.sun.tools.javac.jvm.ClassReader$6.read;com.sun.tools.javac.jvm.ClassReader.readInnerClasses;com.sun.tools.javac.jvm.ClassReader.enterClass;com.sun.tools.javac.code.Symtab.enterClass;com.sun.tools.javac.code.Symbol$PackageSymbol.members;com.sun.tools.javac.code.Symbol.complete;com.sun.tools.javac.code.ClassFinder$$Lambda$92/0x00007f4be809cc60.complete;com.sun.tools.javac.code.ClassFinder.complete;com.sun.tools.javac.code.ClassFinder.fillIn;com.sun.tools.javac.code.ClassFinder.scanModulePaths;com.sun.tools.javac.code.ClassFinder.fillIn;com.sun.tools.javac.code.ClassFinder.includeClassFile;com.sun.tools.javac.code.Symtab.enterClass;com.sun.tools.javac.code.Symtab.doEnterClass;java.lang.invoke.Invokers$Holder.linkToTargetMethod,0.0000
com.sun.tools.javac.launcher.Main.main;com.sun.tools.javac.launcher.Main.run;com.sun.tools.javac.launcher.Main.compile;com.sun.tools.javac.api.JavacTaskImpl.call;com.sun.tools.javac.api.JavacTaskImpl.doCall;com.sun.tools.javac.api.JavacTaskImpl.invocationHelper;com.sun.tools.javac.api.JavacTaskImpl$$Lambda$84/0x00007f4be8038248.call;com.sun.tools.javac.api.JavacTaskImpl.lambda$doCall$0;com.sun.tools.javac.api.JavacTaskImpl.prepareCompiler;com.sun.tools.javac.api.BasicJavacTask.initPlugins;com.sun.tools.javac.processing.JavacProcessingEnvironment.instance;com.sun.tools.javac.processing.JavacProcessingEnvironment.<init>;com.sun.tools.javac.main.JavaCompiler.instance;com.sun.tools.javac.main.JavaCompiler.<init>;com.sun.tools.javac.parser.ParserFactory.instance;com.sun.tools.javac.parser.ParserFactory.<init>;com.sun.tools.javac.parser.Tokens.<clinit>;java.lang.ClassLoader.loadClass;jdk.internal.loader.ClassLoaders$AppClassLoader.loadClass;jdk.internal.loader.BuiltinClassLoader.loadClass;jdk.internal.loader.BuiltinClassLoader.loadClassOrNull;jdk.internal.loader.BuiltinClassLoader.findClassInModuleOrNull;jdk.internal.loader.BuiltinClassLoader.defineClass;java.security.SecureClassLoader.defineClass;java.lang.ClassLoader.defineClass;java.lang.ClassLoader.defineClass2,0.0000
com.sun.tools.javac.launcher.Main.main;com.sun.tools.javac.launcher.Main.run;com.sun.tools.javac.launcher.Main.compile;com.sun.tools.javac.api.JavacTaskImpl.call;com.sun.tools.javac.api.JavacTaskImpl.doCall;com.sun.tools.javac.api.JavacTaskImpl.invocationHelper;com.sun.tools.javac.api.JavacTaskImpl$$Lambda$84/0x00007f4be8038248.call;com.sun.tools.javac.api.JavacTaskImpl.lambda$doCall$0;com.sun.tools.javac.api.JavacTaskImpl.prepareCompiler;com.sun.tools.javac.api.BasicJavacTask.initPlugins;com.sun.tools.javac.processing.JavacProcessingEnvironment.instance;com.sun.tools.javac.processing.JavacProcessingEnvironment.<init>;java.lang.ClassLoader.loadClass;jdk.internal.loader.ClassLoaders$AppClassLoader.loadClass;jdk.internal.loader.BuiltinClassLoader.loadClass;jdk.internal.loader.BuiltinClassLoader.loadClassOrNull;jdk.internal.loader.BuiltinClassLoader.findClassInModuleOrNull;jdk.internal.loader.BuiltinClassLoader.defineClass;java.security.SecureClassLoader.defineClass;java.lang.ClassLoader.defineClass;java.lang.ClassLoader.defineClass2;java.lang.ClassLoader.loadClass;jdk.internal.loader.ClassLoaders$AppClassLoader.loadClass;jdk.internal.loader.BuiltinClassLoader.loadClass;jdk.internal.loader.BuiltinClassLoader.loadClassOrNull;jdk.internal.loader.BuiltinClassLoader.findClassInModuleOrNull;jdk.internal.loader.BuiltinClassLoader.defineClass;jdk.internal.module.SystemModuleFinders$SystemModuleReader.read;jdk.internal.module.SystemModuleFinders$SystemModuleReader.findImageLocation;jdk.internal.jimage.ImageReader.findLocation;jdk.internal.jimage.BasicImageReader.findLocation;jdk.internal.jimage.ImageLocation.verify;jdk.internal.jimage.ImageLocation.verifyName;jdk.internal.jimage.ImageStringsReader.match;jdk.internal.jimage.BasicImageReader.match;jdk.internal.jimage.ImageStringsReader.stringFromByteBufferMatches;java.nio.DirectByteBuffer.get,0.0000
com.sun.tools.javac.launcher.Main.main;com.sun.tools.javac.launcher.Main.run;com.sun.tools.javac.launcher.Main.compile;com.sun.tools.javac.api.JavacTool.getStandardFileManager;java.lang.ClassLoader.loadClass;jdk.internal.loader.ClassLoaders$AppClassLoader.loadClass;jdk.internal.loader.BuiltinClassLoader.loadClass;jdk.internal.loader.BuiltinClassLoader.loadClassOrNull;jdk.internal.loader.BuiltinClassLoader.findClassInModuleOrNull;jdk.internal.loader.BuiltinClassLoader.defineClass;java.security.SecureClassLoader.defineClass;java.lang.ClassLoader.defineClass;java.lang.ClassLoader.defineClass2,0.0000
sun.launcher.LauncherHelper.checkAndLoadMain;sun.launcher.LauncherHelper.validateMainClass;java.lang.Class.getMethod;java.lang.Class.getMethod0;java.lang.Class.getMethodsRecursive;java.lang.Class.privateGetDeclaredMethods;java.lang.Class.getDeclaredMethods0;java.lang.ClassLoader.loadClass;jdk.internal.loader.ClassLoaders$AppClassLoader.loadClass;jdk.internal.loader.BuiltinClassLoader.loadClass;jdk.internal.loader.BuiltinClassLoader.loadClassOrNull;jdk.internal.loader.BuiltinClassLoader.loadClassOrNull;jdk.internal.loader.BuiltinClassLoader.loadClassOrNull;jdk.internal.loader.BuiltinClassLoader.findClassInModuleOrNull;jdk.internal.loader.BuiltinClassLoader.defineClass;java.security.SecureClassLoader.defineClass;java.lang.ClassLoader.defineClass;java.lang.ClassLoader.defineClass2,0.0000
com.sun.tools.javac.launcher.Main.main;com.sun.tools.javac.launcher.Main.run;com.sun.tools.javac.launcher.Main.compile;com.sun.tools.javac.api.JavacTaskImpl.call;com.sun.tools.javac.api.JavacTaskImpl.doCall;com.sun.tools.javac.api.JavacTaskImpl.invocationHelper;com.sun.tools.javac.api.JavacTaskImpl$$Lambda$84/0x00007f4be8038248.call;com.sun.tools.javac.api.JavacTaskImpl.lambda$doCall$0;com.sun.tools.javac.main.JavaCompiler.compile;com.sun.tools.javac.main.JavaCompiler.parseFiles;com.sun.tools.javac.main.JavaCompiler.parseFiles;com.sun.tools.javac.main.JavaCompiler.parse;com.sun.tools.javac.main.JavaCompiler.parse;com.sun.tools.javac.parser.ParserFactory.newParser,0.0000
com.sun.tools.javac.launcher.Main.main;com.sun.tools.javac.launcher.Main.run;com.sun.tools.javac.launcher.Main.compile;com.sun.tools.javac.api.JavacTaskImpl.call;com.sun.tools.javac.api.JavacTaskImpl.doCall;com.sun.tools.javac.api.JavacTaskImpl.invocationHelper;com.sun.tools.javac.api.JavacTaskImpl$$Lambda$84/0x00007f4be8038248.call;com.sun.tools.javac.api.JavacTaskImpl.lambda$doCall$0;com.sun.tools.javac.main.JavaCompiler.compile;com.sun.tools.javac.main.JavaCompiler.enterTrees;com.sun.tools.javac.comp.Enter.main;com.sun.tools.javac.comp.Enter.complete;com.sun.tools.javac.code.Symbol$ClassSymbol.complete;com.sun.tools.javac.code.Symbol.complete;com.sun.tools.javac.comp.TypeEnter.complete;com.sun.tools.javac.comp.TypeEnter$Phase.completeEnvs;com.sun.tools.javac.comp.TypeEnter$Phase.doCompleteEnvs;com.sun.tools.javac.comp.TypeEnter$ImportsPhase.runPhase;com.sun.tools.javac.comp.TypeEnter$ImportsPhase.resolveImports;com.sun.tools.javac.comp.TypeEnter$ImportsPhase.doImport;com.sun.tools.javac.comp.Attr.attribImportQualifier;com.sun.tools.javac.comp.Attr.attribTree;com.sun.tools.javac.tree.JCTree$JCFieldAccess.accept;com.sun.tools.javac.comp.Attr.visitSelect;com.sun.tools.javac.comp.Attr.selectSym;com.sun.tools.javac.comp.Resolve.findIdentInPackage;com.sun.tools.javac.comp.Resolve.findIdentInPackageInternal;com.sun.tools.javac.comp.Resolve.lookupPackage;com.sun.tools.javac.code.Symbol$PackageSymbol.members;com.sun.tools.javac.code.Symbol.complete;com.sun.tools.javac.code.ClassFinder$$Lambda$92/0x00007f4be809cc60.complete;com.sun.tools.javac.code.ClassFinder.complete;com.sun.tools.javac.code.ClassFinder.fillIn;com.sun.tools.javac.code.ClassFinder.scanModulePaths;com.sun.tools.javac.code.ClassFinder.list;javax.tools.ForwardingJavaFileManager.list;com.sun.tools.javac.file.JavacFileManager.list;com.sun.tools.javac.file.JavacFileManager$DirectoryContainer.list;java.nio.file.Files.isDirectory;java.nio.file.Files.readAttributes;jdk.internal.jrtfs.JrtFileSystemProvider.readAttributes;jdk.internal.jrtfs.JrtPath.getAttributes;jdk.internal.jrtfs.JrtFileSystem.getFileAttributes;jdk.internal.jrtfs.JrtFileSystem.checkNode;jdk.internal.jrtfs.JrtFileSystem.lookup;jdk.internal.jrtfs.SystemImage$1.findNode;jdk.internal.jimage.ImageReader.findNode;jdk.internal.jimage.ImageReader$SharedImageReader.findNode;jdk.internal.jimage.ImageReader$SharedImageReader.buildNode;jdk.internal.jimage.ImageReader$SharedImageReader.handleModulesSubTree;jdk.internal.jimage.ImageReader$SharedImageReader.visitLocation;jdk.internal.jimage.ImageReader$SharedImageReader$$Lambda$141/0x00007f4be80732e8.visit;jdk.internal.jimage.ImageReader$SharedImageReader.lambda$handleModulesSubTree$1;jdk.internal.jimage.ImageLocation.getFullName;jdk.internal.jimage.ImageLocation.getFullName;jdk.internal.jimage.ImageLocation.getExtension;jdk.internal.jimage.ImageLocation.getAttributeString;jdk.internal.jimage.ImageStringsReader.get;jdk.internal.jimage.BasicImageReader.getString;jdk.internal.jimage.ImageStringsReader.stringFromByteBuffer;java.lang.String.<init>;java.lang.String.<init>;java.lang.StringCoding.hasNegatives,0.0000
com.sun.tools.javac.launcher.Main.main;com.sun.tools.javac.launcher.Main.run;com.sun.tools.javac.launcher.Main.compile;com.sun.tools.javac.api.JavacTaskImpl.call;com.sun.tools.javac.api.JavacTaskImpl.doCall;com.sun.tools.javac.api.JavacTaskImpl.invocationHelper;com.sun.tools.javac.api.JavacTaskImpl$$Lambda$84/0x00007f4be8038248.call;com.sun.tools.javac.api.JavacTaskImpl.lambda$doCall$0;com.sun.tools.javac.main.JavaCompiler.compile;com.sun.tools.javac.main.JavaCompiler.enterTrees;com.sun.tools.javac.comp.Enter.main;com.sun.tools.javac.comp.Enter.complete;com.sun.tools.javac.code.Symbol$ClassSymbol.complete;com.sun.tools.javac.code.Symbol.complete;com.sun.tools.javac.comp.TypeEnter.complete;com.sun.tools.javac.comp.TypeEnter$Phase.completeEnvs;com.sun.tools.javac.comp.TypeEnter$Phase.doCompleteEnvs;com.sun.tools.javac.comp.TypeEnter$ImportsPhase.runPhase;com.sun.tools.javac.comp.TypeEnter$ImportsPhase.resolveImports;com.sun.tools.javac.code.Symbol$PackageSymbol.members;com.sun.tools.javac.code.Symbol.complete;com.sun.tools.javac.code.ClassFinder$$Lambda$92/0x00007f4be809cc60.complete;com.sun.tools.javac.code.ClassFinder.complete;com.sun.tools.javac.code.ClassFinder.fillIn;com.sun.tools.javac.code.ClassFinder.scanModulePaths;com.sun.tools.javac.code.ClassFinder.list;javax.tools.ForwardingJavaFileManager.list;com.sun.tools.javac.file.JavacFileManager.list;com.sun.tools.javac.file.JavacFileManager$DirectoryContainer.list;java.nio.file.Files.isDirectory;java.nio.file.Files.readAttributes;jdk.internal.jrtfs.JrtFileSystemProvider.readAttributes;jdk.internal.jrtfs.JrtPath.getAttributes;jdk.internal.jrtfs.JrtFileSystem.getFileAttributes;jdk.internal.jrtfs.JrtFileSystem.checkNode;jdk.internal.jrtfs.JrtFileSystem.lookup;jdk.internal.jrtfs.SystemImage$1.findNode;jdk.internal.jimage.ImageReader.findNode;jdk.internal.jimage.ImageReader$SharedImageReader.findNode,0.0000
com.sun.tools.javac.launcher.Main.main;com.sun.tools.javac.launcher.Main.run;com.sun.tools.javac.launcher.Main.compile;com.sun.tools.javac.api.JavacTaskImpl.call;com.sun.tools.javac.api.JavacTaskImpl.doCall;com.sun.tools.javac.api.JavacTaskImpl.invocationHelper;com.sun.tools.javac.api.JavacTaskImpl$$Lambda$84/0x00007f4be8038248.call;com.sun.tools.javac.api.JavacTaskImpl.lambda$doCall$0;com.sun.tools.javac.main.JavaCompiler.compile;com.sun.tools.javac.main.JavaCompiler.initModules;com.sun.tools.javac.comp.Modules.initModules;com.sun.tools.javac.comp.Modules.enter;com.sun.tools.javac.comp.Modules.setCompilationUnitModules;com.sun.tools.javac.comp.Modules.getUnnamedModuleCompleter;com.sun.tools.javac.code.ModuleFinder.findAllModules;com.sun.tools.javac.code.ModuleFinder.scanModulePath;com.sun.tools.javac.code.Symtab.enterModule;com.sun.tools.javac.code.Symbol$ModuleSymbol.create;com.sun.tools.javac.code.Symbol$ModuleSymbol.<init>;com.sun.tools.javac.code.Symbol$TypeSymbol.<init>;com.sun.tools.javac.code.Symbol.<init>,0.0000
com.sun.tools.javac.launcher.Main.main;com.sun.tools.javac.launcher.Main.run;com.sun.tools.javac.launcher.Main.compile;com.sun.tools.javac.api.JavacTaskImpl.call;com.sun.tools.javac.api.JavacTaskImpl.doCall;com.sun.tools.javac.api.JavacTaskImpl.invocationHelper;com.sun.tools.javac.api.JavacTaskImpl$$Lambda$84/0x00007f4be8038248.call;com.sun.tools.javac.api.JavacTaskImpl.lambda$doCall$0;com.sun.tools.javac.main.JavaCompiler.compile;com.sun.tools.javac.main.JavaCompiler.initModules;com.sun.tools.javac.comp.Modules.initModules;com.sun.tools.javac.comp.Modules.enter;com.sun.tools.javac.comp.Modules.setCompilationUnitModules;com.sun.tools.javac.comp.Modules.getUnnamedModuleCompleter;com.sun.tools.javac.code.ModuleFinder.findAllModules;com.sun.tools.javac.code.ModuleFinder.scanModulePath;com.sun.tools.javac.code.ModuleFinder$ModuleLocationIterator.hasNext;javax.tools.ForwardingJavaFileManager.listLocationsForModules;com.sun.tools.javac.file.JavacFileManager.listLocationsForModules;com.sun.tools.javac.file.Locations.listLocationsForModules;com.sun.tools.javac.file.Locations$SystemModulesLocationHandler.listLocationsForModules;com.sun.tools.javac.file.Locations$SystemModulesLocationHandler.initSystemModules;java.nio.file.FileSystems.getFileSystem;java.nio.file.spi.FileSystemProvider.installedProviders;java.security.AccessController.doPrivileged;java.security.AccessController.executePrivileged;java.nio.file.spi.FileSystemProvider$1.run;java.nio.file.spi.FileSystemProvider$1.run;java.nio.file.spi.FileSystemProvider.loadInstalledProviders;java.util.ServiceLoader$3.hasNext;java.util.ServiceLoader$2.hasNext;java.util.ServiceLoader$LazyClassPathLookupIterator.hasNext;java.util.ServiceLoader$LazyClassPathLookupIterator.hasNextService;java.util.ServiceLoader$LazyClassPathLookupIterator.nextProviderClass;java.util.ServiceLoader$LazyClassPathLookupIterator.parse;sun.net.www.protocol.jrt.JavaRuntimeURLConnection.getInputStream;sun.net.www.protocol.jrt.JavaRuntimeURLConnection.connect;sun.net.www.protocol.jrt.JavaRuntimeURLConnection.findResource;sun.net.www.protocol.jrt.JavaRuntimeURLConnection.toJrtURL;java.net.URL.<init>;java.net.URL.<init>;java.net.URL.<init>;java.lang.String.regionMatches;java.lang.StringLatin1.regionMatchesCI;java.lang.Character.toLowerCase,0.0000
com.sun.tools.javac.launcher.Main.main;com.sun.tools.javac.launcher.Main.run;com.sun.tools.javac.launcher.Main.execute;java.lang.reflect.Method.invoke;jdk.internal.reflect.DelegatingMethodAccessorImpl.invoke;jdk.internal.reflect.NativeMethodAccessorImpl.invoke;jdk.internal.reflect.NativeMethodAccessorImpl.invoke0;WeakHashMap2.main,0.0000
com.sun.tools.javac.launcher.Main.main;com.sun.tools.javac.launcher.Main.run;com.sun.tools.javac.launcher.Main.compile;com.sun.tools.javac.api.JavacTaskImpl.call;com.sun.tools.javac.api.JavacTaskImpl.doCall;com.sun.tools.javac.api.JavacTaskImpl.invocationHelper;com.sun.tools.javac.api.JavacTaskImpl$$Lambda$84/0x00007f4be8038248.call;com.sun.tools.javac.api.JavacTaskImpl.lambda$doCall$0;com.sun.tools.javac.main.JavaCompiler.compile;com.sun.tools.javac.main.JavaCompiler.initModules;com.sun.tools.javac.comp.Modules.initModules;com.sun.tools.javac.comp.Modules.enter;com.sun.tools.javac.comp.Modules$$Lambda$137/0x00007f4be8109000.accept;com.sun.tools.javac.comp.Modules.lambda$initModules$0;com.sun.tools.javac.comp.Modules.setupAllModules;com.sun.tools.javac.comp.Modules$$Lambda$149/0x00007f4be81112d0.test;com.sun.tools.javac.comp.Modules.lambda$setupAllModules$8;java.util.stream.ReferencePipeline.anyMatch;java.util.stream.AbstractPipeline.evaluate;java.util.stream.MatchOps$MatchOp.evaluateSequential;java.util.stream.MatchOps$MatchOp.evaluateSequential;java.util.stream.AbstractPipeline.wrapAndCopyInto;java.util.stream.AbstractPipeline.copyInto;java.util.stream.AbstractPipeline.copyIntoWithCancel;java.util.stream.ReferencePipeline.forEachWithCancel;java.util.Spliterators$IteratorSpliterator.tryAdvance;java.util.stream.MatchOps$1MatchSink.accept,0.0000
com.sun.tools.javac.launcher.Main.main;com.sun.tools.javac.launcher.Main.run;com.sun.tools.javac.launcher.Main.compile;com.sun.tools.javac.api.JavacTool.getStandardFileManager;com.sun.tools.javac.util.Context.put;com.sun.tools.javac.util.Context.key,0.0000
com.sun.tools.javac.launcher.Main.main;com.sun.tools.javac.launcher.Main.run;com.sun.tools.javac.launcher.Main.compile;com.sun.tools.javac.api.JavacTool.getStandardFileManager;com.sun.tools.javac.file.JavacFileManager.<init>;com.sun.tools.javac.file.JavacFileManager.setContext;com.sun.tools.javac.file.BaseFileManager.setContext;com.sun.tools.javac.util.Log.instance;com.sun.tools.javac.util.Log.<init>;com.sun.tools.javac.util.Log.<init>;com.sun.tools.javac.util.JCDiagnostic$Factory.instance;com.sun.tools.javac.util.JCDiagnostic$Factory.<init>;com.sun.tools.javac.util.JavacMessages.instance;com.sun.tools.javac.util.JavacMessages.<init>;com.sun.tools.javac.util.JavacMessages.<init>,0.0000
