java.lang.ref.Reference$ReferenceHandler.run;java.lang.ref.Reference.processPendingReferences;java.lang.ref.Reference.waitForReferencePendingList,25.2983
com.sun.tools.javac.launcher.Main.main;com.sun.tools.javac.launcher.Main.run;com.sun.tools.javac.launcher.Main.compile;com.sun.tools.javac.api.JavacTaskImpl.call;com.sun.tools.javac.api.JavacTaskImpl.doCall;com.sun.tools.javac.api.JavacTaskImpl.invocationHelper;com.sun.tools.javac.api.JavacTaskImpl$$Lambda$84/0x00007f6730038248.call;com.sun.tools.javac.api.JavacTaskImpl.lambda$doCall$0;com.sun.tools.javac.api.JavacTaskImpl.prepareCompiler;com.sun.tools.javac.api.BasicJavacTask.initPlugins;com.sun.tools.javac.processing.JavacProcessingEnvironment.instance;com.sun.tools.javac.processing.JavacProcessingEnvironment.<init>;com.sun.tools.javac.main.JavaCompiler.instance;com.sun.tools.javac.main.JavaCompiler.<init>;com.sun.tools.javac.code.ClassFinder.instance;com.sun.tools.javac.code.ClassFinder.<init>;com.sun.tools.javac.jvm.ClassReader.instance;com.sun.tools.javac.jvm.ClassReader.<init>;com.sun.tools.javac.comp.Annotate.instance;com.sun.tools.javac.comp.Annotate.<init>;com.sun.tools.javac.comp.Attr.instance;com.sun.tools.javac.comp.Attr.<init>;com.sun.tools.javac.code.Symtab.instance;com.sun.tools.javac.code.Symtab.<init>;com.sun.tools.javac.code.Type.<clinit>;java.lang.ClassLoader.loadClass;jdk.internal.loader.ClassLoaders$AppClassLoader.loadClass;jdk.internal.loader.BuiltinClassLoader.loadClass;jdk.internal.loader.BuiltinClassLoader.loadClassOrNull;jdk.internal.loader.BuiltinClassLoader.findClassInModuleOrNull;jdk.internal.loader.BuiltinClassLoader.defineClass;jdk.internal.module.SystemModuleFinders$SystemModuleReader.read;jdk.internal.module.SystemModuleFinders$SystemModuleReader.findImageLocation;jdk.internal.jimage.ImageReader.findLocation;jdk.internal.jimage.BasicImageReader.findLocation;jdk.internal.jimage.BasicImageReader.getLocationIndex,0.0000
com.sun.tools.javac.launcher.Main.main;com.sun.tools.javac.launcher.Main.run;com.sun.tools.javac.launcher.Main.compile;com.sun.tools.javac.api.JavacTaskImpl.call;com.sun.tools.javac.api.JavacTaskImpl.doCall;com.sun.tools.javac.api.JavacTaskImpl.invocationHelper;com.sun.tools.javac.api.JavacTaskImpl$$Lambda$84/0x00007f6730038248.call;com.sun.tools.javac.api.JavacTaskImpl.lambda$doCall$0;com.sun.tools.javac.api.JavacTaskImpl.prepareCompiler;com.sun.tools.javac.main.Arguments.validate;com.sun.tools.javac.main.Arguments.checkOptionAllowed;java.lang.invoke.MethodHandleNatives.linkCallSite;java.lang.invoke.MethodHandleNatives.linkCallSiteImpl;java.lang.invoke.CallSite.makeSite;java.lang.invoke.BootstrapMethodInvoker.invoke;java.lang.invoke.Invokers$Holder.invokeExact_MT;java.lang.invoke.DirectMethodHandle$Holder.invokeStatic;java.lang.invoke.LambdaMetafactory.metafactory;java.lang.invoke.InnerClassLambdaMetafactory.buildCallSite;java.lang.invoke.InnerClassLambdaMetafactory.spinInnerClass;java.lang.invoke.InnerClassLambdaMetafactory.generateInnerClass;java.lang.invoke.MethodHandles$Lookup.defineHiddenClass;java.lang.Object.clone,0.0000
sun.launcher.LauncherHelper.checkAndLoadMain;sun.launcher.LauncherHelper.validateMainClass;java.lang.Class.getMethod;java.lang.Class.getMethod0;java.lang.Class.getMethodsRecursive;java.lang.Class.privateGetDeclaredMethods;java.lang.Class.getDeclaredMethods0,0.0000
com.sun.tools.javac.launcher.Main.main;com.sun.tools.javac.launcher.Main.run;com.sun.tools.javac.launcher.Main.compile;com.sun.tools.javac.api.JavacTaskImpl.call;com.sun.tools.javac.api.JavacTaskImpl.doCall;com.sun.tools.javac.api.JavacTaskImpl.invocationHelper;com.sun.tools.javac.api.JavacTaskImpl$$Lambda$84/0x00007f6730038248.call;com.sun.tools.javac.api.JavacTaskImpl.lambda$doCall$0;com.sun.tools.javac.main.JavaCompiler.compile;com.sun.tools.javac.main.JavaCompiler.attribute;com.sun.tools.javac.comp.Attr.attrib;com.sun.tools.javac.comp.Attr.attribClass;com.sun.tools.javac.comp.Attr.attribClass;com.sun.tools.javac.comp.Attr.attribClassBody;com.sun.tools.javac.comp.Attr.attribStat;com.sun.tools.javac.comp.Attr.attribTree;com.sun.tools.javac.tree.JCTree$JCMethodDecl.accept;com.sun.tools.javac.comp.Attr.visitMethodDef;com.sun.tools.javac.comp.Attr.attribStat;com.sun.tools.javac.comp.Attr.attribTree;com.sun.tools.javac.tree.JCTree$JCBlock.accept;com.sun.tools.javac.comp.Attr.visitBlock;com.sun.tools.javac.comp.Attr.attribStats;com.sun.tools.javac.comp.Attr.attribStat;com.sun.tools.javac.comp.Attr.attribTree;com.sun.tools.javac.tree.JCTree$JCVariableDecl.accept;com.sun.tools.javac.comp.Attr.visitVarDef;com.sun.tools.javac.comp.Check.validate;com.sun.tools.javac.comp.Check$Validator.validateTree;com.sun.tools.javac.tree.JCTree$JCTypeApply.accept;com.sun.tools.javac.comp.Check$Validator.visitTypeApply;com.sun.tools.javac.comp.Check.firstIncompatibleTypeArg;com.sun.tools.javac.code.Types.subst;com.sun.tools.javac.code.Type.map;com.sun.tools.javac.code.Types$DefaultTypeVisitor.visit;com.sun.tools.javac.code.Type$ClassType.accept;com.sun.tools.javac.code.Types$Subst.visitClassType;com.sun.tools.javac.code.Types$Subst.visitClassType;com.sun.tools.javac.code.Type$StructuralTypeMapping.visitClassType;com.sun.tools.javac.code.Types$TypeMapping.visit,0.0000
com.sun.tools.javac.launcher.Main.main;com.sun.tools.javac.launcher.Main.run;com.sun.tools.javac.launcher.Main.compile;com.sun.tools.javac.api.JavacTool.getStandardFileManager;com.sun.tools.javac.file.BaseFileManager.<clinit>;java.lang.ClassLoader.loadClass;jdk.internal.loader.ClassLoaders$AppClassLoader.loadClass;jdk.internal.loader.BuiltinClassLoader.loadClass;jdk.internal.loader.BuiltinClassLoader.loadClassOrNull;jdk.internal.loader.BuiltinClassLoader.findClassInModuleOrNull;jdk.internal.loader.BuiltinClassLoader.defineClass;java.security.SecureClassLoader.defineClass;java.lang.ClassLoader.defineClass;java.lang.ClassLoader.defineClass2,0.0000
com.sun.tools.javac.launcher.Main.main;com.sun.tools.javac.launcher.Main.run;com.sun.tools.javac.launcher.Main.execute;java.lang.reflect.Method.invoke;jdk.internal.reflect.DelegatingMethodAccessorImpl.invoke;jdk.internal.reflect.NativeMethodAccessorImpl.invoke;jdk.internal.reflect.NativeMethodAccessorImpl.invoke0;TreeMap2.main;java.lang.invoke.Invokers$Holder.linkToTargetMethod;java.lang.invoke.LambdaForm$MH/0x00007f673003dc00.invoke;java.lang.invoke.DirectMethodHandle$Holder.invokeStatic;java.lang.StringConcatHelper.newArray,0.0000
com.sun.tools.javac.launcher.Main.main;com.sun.tools.javac.launcher.Main.run;com.sun.tools.javac.launcher.Main.compile;com.sun.tools.javac.api.JavacTaskImpl.call;com.sun.tools.javac.api.JavacTaskImpl.doCall;com.sun.tools.javac.api.JavacTaskImpl.invocationHelper;com.sun.tools.javac.api.JavacTaskImpl$$Lambda$84/0x00007f6730038248.call;com.sun.tools.javac.api.JavacTaskImpl.lambda$doCall$0;com.sun.tools.javac.main.JavaCompiler.compile;com.sun.tools.javac.main.JavaCompiler.initModules;com.sun.tools.javac.comp.Modules.initModules;com.sun.tools.javac.comp.Modules.enter;com.sun.tools.javac.comp.Modules$$Lambda$137/0x00007f6730109000.accept;com.sun.tools.javac.comp.Modules.lambda$initModules$0;com.sun.tools.javac.comp.Modules.setupAllModules;com.sun.tools.javac.comp.Modules$$Lambda$149/0x00007f67301112d0.test;com.sun.tools.javac.comp.Modules.lambda$setupAllModules$8;java.util.stream.ReferencePipeline.anyMatch;java.util.stream.MatchOps.makeRef;java.lang.invoke.Invokers$Holder.linkToTargetMethod;java.lang.invoke.DirectMethodHandle$Holder.newInvokeSpecial,0.0000
com.sun.tools.javac.launcher.Main.main;com.sun.tools.javac.launcher.Main.run;com.sun.tools.javac.launcher.Main.execute;java.lang.reflect.Method.invoke;jdk.internal.reflect.DelegatingMethodAccessorImpl.invoke;jdk.internal.reflect.NativeMethodAccessorImpl.invoke;jdk.internal.reflect.NativeMethodAccessorImpl.invoke0;TreeMap2.main;java.util.TreeMap$EntryIterator.next;java.util.TreeMap$EntryIterator.next;java.util.TreeMap$PrivateEntryIterator.nextEntry,0.0000
com.sun.tools.javac.launcher.Main.main;com.sun.tools.javac.launcher.Main.run;com.sun.tools.javac.launcher.Main.compile;com.sun.tools.javac.api.JavacTool.getTask;com.sun.tools.javac.api.JavacTool.getTask;java.lang.ClassLoader.loadClass;jdk.internal.loader.ClassLoaders$AppClassLoader.loadClass;jdk.internal.loader.BuiltinClassLoader.loadClass;jdk.internal.loader.BuiltinClassLoader.loadClassOrNull;jdk.internal.loader.BuiltinClassLoader.findClassInModuleOrNull;jdk.internal.loader.BuiltinClassLoader.defineClass;java.security.SecureClassLoader.defineClass;java.lang.ClassLoader.defineClass;java.lang.ClassLoader.defineClass2,0.0000
com.sun.tools.javac.launcher.Main.main;com.sun.tools.javac.launcher.Main.run;com.sun.tools.javac.launcher.Main.compile;com.sun.tools.javac.api.JavacTaskImpl.call;com.sun.tools.javac.api.JavacTaskImpl.doCall;com.sun.tools.javac.api.JavacTaskImpl.invocationHelper;com.sun.tools.javac.api.JavacTaskImpl$$Lambda$84/0x00007f6730038248.call;com.sun.tools.javac.api.JavacTaskImpl.lambda$doCall$0;com.sun.tools.javac.main.JavaCompiler.compile;com.sun.tools.javac.main.JavaCompiler.flow;com.sun.tools.javac.main.JavaCompiler.flow;com.sun.tools.javac.comp.Flow.analyzeTree;com.sun.tools.javac.comp.Flow$AssignAnalyzer.analyzeTree;com.sun.tools.javac.comp.Flow$AssignAnalyzer.analyzeTree;com.sun.tools.javac.comp.Flow$AssignAnalyzer.scan;com.sun.tools.javac.comp.Flow$BaseAnalyzer.scan;com.sun.tools.javac.tree.TreeScanner.scan;com.sun.tools.javac.tree.JCTree$JCClassDecl.accept;com.sun.tools.javac.comp.Flow$AssignAnalyzer.visitClassDef;com.sun.tools.javac.comp.Flow$AssignAnalyzer.scan;com.sun.tools.javac.comp.Flow$BaseAnalyzer.scan;com.sun.tools.javac.tree.TreeScanner.scan;com.sun.tools.javac.tree.JCTree$JCMethodDecl.accept;com.sun.tools.javac.comp.Flow$AssignAnalyzer.visitMethodDef;com.sun.tools.javac.comp.Flow$AssignAnalyzer.scan;com.sun.tools.javac.comp.Flow$BaseAnalyzer.scan;com.sun.tools.javac.tree.TreeScanner.scan;com.sun.tools.javac.tree.JCTree$JCBlock.accept;com.sun.tools.javac.comp.Flow$AssignAnalyzer.visitBlock;com.sun.tools.javac.tree.TreeScanner.scan;com.sun.tools.javac.comp.Flow$AssignAnalyzer.scan;com.sun.tools.javac.comp.Flow$BaseAnalyzer.scan;com.sun.tools.javac.tree.TreeScanner.scan;com.sun.tools.javac.tree.JCTree$JCForLoop.accept;com.sun.tools.javac.comp.Flow$AssignAnalyzer.visitForLoop;com.sun.tools.javac.comp.Flow$AssignAnalyzer.scanCond;com.sun.tools.javac.comp.Flow$AssignAnalyzer.scan;com.sun.tools.javac.comp.Flow$BaseAnalyzer.scan;com.sun.tools.javac.tree.TreeScanner.scan;com.sun.tools.javac.tree.JCTree$JCBinary.accept;com.sun.tools.javac.comp.Flow$AssignAnalyzer.visitBinary;com.sun.tools.javac.comp.Flow$AssignAnalyzer.scanExpr;com.sun.tools.javac.comp.Flow$AssignAnalyzer.scan;com.sun.tools.javac.comp.Flow$BaseAnalyzer.scan;com.sun.tools.javac.tree.TreeScanner.scan;com.sun.tools.javac.tree.JCTree$JCIdent.accept;com.sun.tools.javac.comp.Flow$AssignAnalyzer.visitIdent;com.sun.tools.javac.comp.Flow$AssignAnalyzer.checkInit;com.sun.tools.javac.resources.CompilerProperties$Errors.<clinit>,0.0000
com.sun.tools.javac.launcher.Main.main;com.sun.tools.javac.launcher.Main.run;com.sun.tools.javac.launcher.Main.compile;com.sun.tools.javac.api.JavacTaskImpl.call;com.sun.tools.javac.api.JavacTaskImpl.doCall;com.sun.tools.javac.api.JavacTaskImpl.invocationHelper;com.sun.tools.javac.api.JavacTaskImpl$$Lambda$84/0x00007f6730038248.call;com.sun.tools.javac.api.JavacTaskImpl.lambda$doCall$0;com.sun.tools.javac.main.JavaCompiler.compile;com.sun.tools.javac.main.JavaCompiler.initModules;com.sun.tools.javac.comp.Modules.initModules;com.sun.tools.javac.comp.Modules.enter;com.sun.tools.javac.comp.Modules.setCompilationUnitModules;com.sun.tools.javac.comp.Modules.getUnnamedModuleCompleter;com.sun.tools.javac.code.ModuleFinder.findAllModules;com.sun.tools.javac.code.ModuleFinder.findModuleInfo;com.sun.tools.javac.code.ModuleFinder.getModuleInfoFromLocation;javax.tools.ForwardingJavaFileManager.getJavaFileForInput;com.sun.tools.javac.file.JavacFileManager.getJavaFileForInput;com.sun.tools.javac.file.JavacFileManager.getFileForInput;com.sun.tools.javac.file.JavacFileManager$DirectoryContainer.getFileObject;java.nio.file.Files.exists;jdk.internal.jrtfs.JrtFileSystemProvider.checkAccess;jdk.internal.jrtfs.JrtPath.checkAccess,0.0000
com.sun.tools.javac.launcher.Main.main;com.sun.tools.javac.launcher.Main.run;com.sun.tools.javac.launcher.Main.compile;com.sun.tools.javac.api.JavacTaskImpl.call;com.sun.tools.javac.api.JavacTaskImpl.doCall;com.sun.tools.javac.api.JavacTaskImpl.invocationHelper;com.sun.tools.javac.api.JavacTaskImpl$$Lambda$84/0x00007f6730038248.call;com.sun.tools.javac.api.JavacTaskImpl.lambda$doCall$0;com.sun.tools.javac.main.JavaCompiler.compile;com.sun.tools.javac.main.JavaCompiler.enterTrees;com.sun.tools.javac.main.JavaCompiler.enterDone;com.sun.tools.javac.comp.Annotate.enterDone;com.sun.tools.javac.comp.Annotate.unblockAnnotations;com.sun.tools.javac.comp.Annotate.flush;com.sun.tools.javac.code.TypeAnnotations$$Lambda$197/0x00007f6730125a58.run;com.sun.tools.javac.code.TypeAnnotations.lambda$organizeTypeAnnotationsSignatures$0,0.0000
com.sun.tools.javac.launcher.Main.main;com.sun.tools.javac.launcher.Main.run;com.sun.tools.javac.launcher.Main.execute;java.lang.reflect.Method.invoke;jdk.internal.reflect.DelegatingMethodAccessorImpl.invoke;jdk.internal.reflect.NativeMethodAccessorImpl.invoke;jdk.internal.reflect.NativeMethodAccessorImpl.invoke0;TreeMap2.main,0.0000
com.sun.tools.javac.launcher.Main.main;com.sun.tools.javac.launcher.Main.run;com.sun.tools.javac.launcher.Main.compile;com.sun.tools.javac.api.JavacTaskImpl.call;com.sun.tools.javac.api.JavacTaskImpl.doCall;com.sun.tools.javac.api.JavacTaskImpl.invocationHelper;com.sun.tools.javac.api.JavacTaskImpl$$Lambda$84/0x00007f6730038248.call;com.sun.tools.javac.api.JavacTaskImpl.lambda$doCall$0;com.sun.tools.javac.main.JavaCompiler.compile;com.sun.tools.javac.main.JavaCompiler.attribute;com.sun.tools.javac.comp.Attr.attrib;com.sun.tools.javac.comp.Attr.attribClass;com.sun.tools.javac.comp.Attr.attribClass;com.sun.tools.javac.comp.Attr.attribClassBody;com.sun.tools.javac.comp.Attr.attribStat;com.sun.tools.javac.comp.Attr.attribTree;com.sun.tools.javac.tree.JCTree$JCMethodDecl.accept;com.sun.tools.javac.comp.Attr.visitMethodDef;com.sun.tools.javac.comp.Attr.attribStat;com.sun.tools.javac.comp.Attr.attribTree;com.sun.tools.javac.tree.JCTree$JCBlock.accept;com.sun.tools.javac.comp.Attr.visitBlock;com.sun.tools.javac.comp.Attr.attribStats;com.sun.tools.javac.comp.Attr.attribStat;com.sun.tools.javac.comp.Attr.attribTree;com.sun.tools.javac.tree.JCTree$JCForLoop.accept;com.sun.tools.javac.comp.Attr.visitForLoop;com.sun.tools.javac.comp.Attr.attribStat;com.sun.tools.javac.comp.Attr.attribTree;com.sun.tools.javac.tree.JCTree$JCBlock.accept;com.sun.tools.javac.comp.Attr.visitBlock;com.sun.tools.javac.comp.Attr.attribStats;com.sun.tools.javac.comp.Attr.attribStat;com.sun.tools.javac.comp.Attr.attribTree;com.sun.tools.javac.tree.JCTree$JCExpressionStatement.accept;com.sun.tools.javac.comp.Attr.visitExec;com.sun.tools.javac.comp.Attr.attribExpr;com.sun.tools.javac.comp.Attr.attribTree;com.sun.tools.javac.tree.JCTree$JCMethodInvocation.accept;com.sun.tools.javac.comp.Attr.visitApply;com.sun.tools.javac.comp.Attr.attribArgs;com.sun.tools.javac.comp.Attr.attribTree;com.sun.tools.javac.comp.ArgumentAttr.attribArg;com.sun.tools.javac.tree.JCTree$JCBinary.accept;com.sun.tools.javac.tree.JCTree$Visitor.visitBinary;com.sun.tools.javac.comp.ArgumentAttr.visitTree;com.sun.tools.javac.tree.JCTree$JCBinary.accept;com.sun.tools.javac.comp.Attr.visitBinary;com.sun.tools.javac.comp.Operators.resolveBinary;com.sun.tools.javac.comp.Operators.resolve;java.util.stream.ReferencePipeline.findFirst;java.util.stream.AbstractPipeline.evaluate;java.util.stream.FindOps$FindOp.evaluateSequential;java.util.stream.AbstractPipeline.wrapAndCopyInto;java.util.stream.AbstractPipeline.copyInto;java.util.stream.AbstractPipeline.copyIntoWithCancel;java.util.stream.ReferencePipeline.forEachWithCancel;java.util.Spliterators$IteratorSpliterator.tryAdvance;java.util.stream.ReferencePipeline$2$1.accept;com.sun.tools.javac.comp.Operators$$Lambda$215/0x00007f673012a448.test;com.sun.tools.javac.comp.Operators.lambda$resolveBinary$3;com.sun.tools.javac.comp.Operators$BinaryNumericOperator.test;com.sun.tools.javac.comp.Operators$BinaryNumericOperator.test;com.sun.tools.javac.comp.Operators.unaryPromotion;com.sun.tools.javac.code.Types.unboxedTypeOrType;com.sun.tools.javac.code.Types.unboxedType;com.sun.tools.javac.code.Types.asSuper;com.sun.tools.javac.code.Types$DefaultTypeVisitor.visit;com.sun.tools.javac.code.Type$ClassType.accept;com.sun.tools.javac.code.Types$12.visitClassType;com.sun.tools.javac.code.Types$12.visitClassType;com.sun.tools.javac.code.Types.asSuper;com.sun.tools.javac.code.Types$DefaultTypeVisitor.visit;com.sun.tools.javac.code.Type$ClassType.accept;com.sun.tools.javac.code.Types$12.visitClassType;com.sun.tools.javac.code.Types$12.visitClassType;com.sun.tools.javac.code.Symbol$ClassSymbol.flags;com.sun.tools.javac.code.Symbol$ClassSymbol.complete;com.sun.tools.javac.code.Symbol.complete;com.sun.tools.javac.code.Symtab$2.complete;com.sun.tools.javac.code.ClassFinder$$Lambda$92/0x00007f673009cc60.complete;com.sun.tools.javac.code.ClassFinder.complete;com.sun.tools.javac.code.ClassFinder.fillIn;com.sun.tools.javac.jvm.ClassReader.readClassFile;com.sun.tools.javac.jvm.ClassReader.readClassBuffer;com.sun.tools.javac.jvm.ClassReader.readClass;com.sun.tools.javac.code.Scope$ScopeImpl.leave,0.0000
com.sun.tools.javac.launcher.Main.main;com.sun.tools.javac.launcher.Main.run;com.sun.tools.javac.launcher.Main.execute;java.lang.reflect.Method.invoke;jdk.internal.reflect.DelegatingMethodAccessorImpl.invoke;jdk.internal.reflect.NativeMethodAccessorImpl.invoke;jdk.internal.reflect.NativeMethodAccessorImpl.invoke0;TreeMap2.main;java.util.TreeMap.remove,0.0000
com.sun.tools.javac.launcher.Main.main;com.sun.tools.javac.launcher.Main.run;com.sun.tools.javac.launcher.Main.execute;java.lang.reflect.Method.invoke;jdk.internal.reflect.DelegatingMethodAccessorImpl.invoke;jdk.internal.reflect.NativeMethodAccessorImpl.invoke;jdk.internal.reflect.NativeMethodAccessorImpl.invoke0;TreeMap2.main;java.lang.invoke.Invokers$Holder.linkToTargetMethod;java.lang.invoke.LambdaForm$MH/0x00007f673003dc00.invoke;java.lang.invoke.LambdaForm$MH/0x00007f673003d800.invoke;java.lang.invoke.DirectMethodHandle$Holder.invokeStatic,0.0000
com.sun.tools.javac.launcher.Main.main;com.sun.tools.javac.launcher.Main.run;com.sun.tools.javac.launcher.Main.compile;com.sun.tools.javac.api.JavacTaskImpl.call;com.sun.tools.javac.api.JavacTaskImpl.doCall;com.sun.tools.javac.api.JavacTaskImpl.invocationHelper;com.sun.tools.javac.api.JavacTaskImpl$$Lambda$84/0x00007f6730038248.call;com.sun.tools.javac.api.JavacTaskImpl.lambda$doCall$0;com.sun.tools.javac.main.JavaCompiler.compile;com.sun.tools.javac.main.JavaCompiler.generate;com.sun.tools.javac.main.JavaCompiler.generate;com.sun.tools.javac.main.JavaCompiler.genCode;com.sun.tools.javac.jvm.Gen.genClass;com.sun.tools.javac.jvm.Gen.genDef;com.sun.tools.javac.tree.JCTree$JCMethodDecl.accept;com.sun.tools.javac.jvm.Gen.visitMethodDef;com.sun.tools.javac.jvm.Gen.genMethod;com.sun.tools.javac.jvm.Gen.genStat;com.sun.tools.javac.jvm.Gen.genDef;com.sun.tools.javac.tree.JCTree$JCBlock.accept;com.sun.tools.javac.jvm.Gen.visitBlock;com.sun.tools.javac.jvm.Gen.genStats;com.sun.tools.javac.jvm.Gen.genStat;com.sun.tools.javac.jvm.Gen.genStat;com.sun.tools.javac.jvm.Gen.genDef;com.sun.tools.javac.tree.JCTree$JCForLoop.accept;com.sun.tools.javac.jvm.Gen.visitForLoop;com.sun.tools.javac.jvm.Gen.genLoop;com.sun.tools.javac.jvm.Gen.genStat;com.sun.tools.javac.jvm.Gen.genStat;com.sun.tools.javac.jvm.Gen.genDef;com.sun.tools.javac.tree.JCTree$JCBlock.accept;com.sun.tools.javac.jvm.Gen.visitBlock;com.sun.tools.javac.jvm.Gen.genStats;com.sun.tools.javac.jvm.Gen.genStat;com.sun.tools.javac.jvm.Gen.genStat;com.sun.tools.javac.jvm.Gen.genDef;com.sun.tools.javac.tree.JCTree$JCExpressionStatement.accept;com.sun.tools.javac.jvm.Gen.visitExec;com.sun.tools.javac.jvm.Gen.genExpr;com.sun.tools.javac.tree.JCTree$JCMethodInvocation.accept;com.sun.tools.javac.jvm.Gen.visitApply;com.sun.tools.javac.jvm.Gen.genArgs;com.sun.tools.javac.jvm.Gen.genExpr;com.sun.tools.javac.tree.JCTree$JCBinary.accept;com.sun.tools.javac.jvm.Gen.visitBinary;com.sun.tools.javac.jvm.StringConcat$Indy.makeConcat;com.sun.tools.javac.jvm.StringConcat$IndyConstants.emit;com.sun.tools.javac.jvm.StringConcat$IndyConstants.doCall;com.sun.tools.javac.comp.Resolve.resolveInternalMethod;com.sun.tools.javac.comp.Resolve.resolveQualifiedMethod;com.sun.tools.javac.comp.Resolve.lookupMethod;com.sun.tools.javac.comp.Resolve$BasicLookupHelper.lookup;com.sun.tools.javac.comp.Resolve$11.doLookup;com.sun.tools.javac.comp.Resolve.findMethod;com.sun.tools.javac.comp.Resolve.findMethod;com.sun.tools.javac.comp.Resolve.findMethodInScope;com.sun.tools.javac.comp.Resolve.selectBest;com.sun.tools.javac.comp.Resolve.rawInstantiate;com.sun.tools.javac.comp.Resolve$4.argumentsAcceptable;com.sun.tools.javac.comp.Resolve$AbstractMethodCheck.argumentsAcceptable;com.sun.tools.javac.comp.Resolve$4.checkArg;com.sun.tools.javac.comp.Resolve$MethodResultInfo.check;com.sun.tools.javac.code.Types.capture;com.sun.tools.javac.code.Type$ClassType.isParameterized;com.sun.tools.javac.code.Type$ClassType.allparams;com.sun.tools.javac.code.Type$ClassType.getTypeArguments;com.sun.tools.javac.code.Type$ClassType.complete;com.sun.tools.javac.code.Symbol$ClassSymbol.complete;com.sun.tools.javac.code.Symbol.complete;com.sun.tools.javac.code.ClassFinder$$Lambda$92/0x00007f673009cc60.complete;com.sun.tools.javac.code.ClassFinder.complete;com.sun.tools.javac.code.ClassFinder.completeOwners;com.sun.tools.javac.code.Symbol$ClassSymbol.complete;com.sun.tools.javac.code.Symbol.complete;com.sun.tools.javac.code.ClassFinder$$Lambda$92/0x00007f673009cc60.complete;com.sun.tools.javac.code.ClassFinder.complete;com.sun.tools.javac.code.ClassFinder.fillIn;com.sun.tools.javac.jvm.ClassReader.readClassFile;com.sun.tools.javac.jvm.ClassReader.readClassBuffer;com.sun.tools.javac.jvm.ClassReader.readClass;com.sun.tools.javac.jvm.ClassReader.readMethod;com.sun.tools.javac.jvm.ClassReader.readMemberAttrs;com.sun.tools.javac.jvm.ClassReader.readAttrs;com.sun.tools.javac.jvm.ClassReader$11.read;com.sun.tools.javac.jvm.PoolReader.getType;com.sun.tools.javac.util.Name.map;com.sun.tools.javac.jvm.PoolReader$$Lambda$184/0x00007f673011c2f8.map;com.sun.tools.javac.jvm.ClassReader.sigToType;com.sun.tools.javac.jvm.ClassReader.sigToType;com.sun.tools.javac.jvm.ClassReader.sigToTypeParams;com.sun.tools.javac.jvm.ClassReader.sigToTypeParam;com.sun.tools.javac.jvm.ClassReader.sigToType;com.sun.tools.javac.jvm.ClassReader.classSigToType;com.sun.tools.javac.jvm.ClassReader.enterClass;com.sun.tools.javac.code.Symtab.enterClass;com.sun.tools.javac.code.Symtab.lookupPackage;com.sun.tools.javac.code.Symtab.lookupPackage;java.util.stream.ReferencePipeline.anyMatch;java.util.stream.AbstractPipeline.evaluate;java.util.stream.AbstractPipeline.sourceSpliterator,0.0000
com.sun.tools.javac.launcher.Main.main;com.sun.tools.javac.launcher.Main.run;com.sun.tools.javac.launcher.Main.compile;com.sun.tools.javac.api.JavacTaskImpl.call;com.sun.tools.javac.api.JavacTaskImpl.doCall;com.sun.tools.javac.api.JavacTaskImpl.invocationHelper;com.sun.tools.javac.api.JavacTaskImpl$$Lambda$84/0x00007f6730038248.call;com.sun.tools.javac.api.JavacTaskImpl.lambda$doCall$0;com.sun.tools.javac.api.JavacTaskImpl.prepareCompiler;com.sun.tools.javac.api.BasicJavacTask.initPlugins;com.sun.tools.javac.processing.JavacProcessingEnvironment.instance;com.sun.tools.javac.processing.JavacProcessingEnvironment.<init>;java.lang.ClassLoader.loadClass;jdk.internal.loader.ClassLoaders$AppClassLoader.loadClass;jdk.internal.loader.BuiltinClassLoader.loadClass;jdk.internal.loader.BuiltinClassLoader.loadClassOrNull;jdk.internal.loader.BuiltinClassLoader.findClassInModuleOrNull;jdk.internal.loader.BuiltinClassLoader.defineClass;java.security.SecureClassLoader.defineClass;java.lang.ClassLoader.defineClass;java.lang.ClassLoader.defineClass2,0.0000
com.sun.tools.javac.launcher.Main.main;com.sun.tools.javac.launcher.Main.run;com.sun.tools.javac.launcher.Main.compile;com.sun.tools.javac.api.JavacTaskImpl.call;com.sun.tools.javac.api.JavacTaskImpl.doCall;com.sun.tools.javac.api.JavacTaskImpl.invocationHelper;com.sun.tools.javac.api.JavacTaskImpl$$Lambda$84/0x00007f6730038248.call;com.sun.tools.javac.api.JavacTaskImpl.lambda$doCall$0;com.sun.tools.javac.main.JavaCompiler.compile;com.sun.tools.javac.main.JavaCompiler.enterTrees;com.sun.tools.javac.comp.Enter.main;com.sun.tools.javac.comp.Enter.complete;com.sun.tools.javac.code.Symbol$ClassSymbol.complete;com.sun.tools.javac.code.Symbol.complete;com.sun.tools.javac.comp.TypeEnter.complete;com.sun.tools.javac.comp.TypeEnter$Phase.completeEnvs;com.sun.tools.javac.comp.TypeEnter$Phase.completeEnvs;com.sun.tools.javac.comp.TypeEnter$Phase.completeEnvs;com.sun.tools.javac.comp.TypeEnter$Phase.completeEnvs;com.sun.tools.javac.comp.TypeEnter$Phase.completeEnvs;com.sun.tools.javac.comp.TypeEnter$Phase.completeEnvs;com.sun.tools.javac.comp.TypeEnter$AbstractMembersPhase.doCompleteEnvs;com.sun.tools.javac.comp.TypeEnter$Phase.doCompleteEnvs;com.sun.tools.javac.comp.TypeEnter$MembersPhase.runPhase;com.sun.tools.javac.comp.TypeEnter$MembersPhase.finishClass;com.sun.tools.javac.comp.MemberEnter.memberEnter;com.sun.tools.javac.comp.MemberEnter.memberEnter;com.sun.tools.javac.tree.JCTree$JCMethodDecl.accept;com.sun.tools.javac.comp.MemberEnter.visitMethodDef;com.sun.tools.javac.comp.MemberEnter.signature;com.sun.tools.javac.comp.MemberEnter.memberEnter;com.sun.tools.javac.tree.JCTree$JCVariableDecl.accept;com.sun.tools.javac.comp.MemberEnter.visitVarDef;com.sun.tools.javac.comp.Attr.attribType;com.sun.tools.javac.comp.Attr.attribType;com.sun.tools.javac.comp.Attr.attribTree;com.sun.tools.javac.tree.JCTree$JCArrayTypeTree.accept;com.sun.tools.javac.comp.Attr.visitTypeArray;com.sun.tools.javac.comp.Attr.attribType;com.sun.tools.javac.comp.Attr.attribType;com.sun.tools.javac.comp.Attr.attribTree;com.sun.tools.javac.tree.JCTree$JCIdent.accept;com.sun.tools.javac.comp.Attr.visitIdent;com.sun.tools.javac.comp.Resolve.resolveIdent;com.sun.tools.javac.comp.Resolve.findIdent;com.sun.tools.javac.comp.Resolve.findIdentInternal;com.sun.tools.javac.comp.Resolve.findType;com.sun.tools.javac.comp.Resolve.findGlobalType;com.sun.tools.javac.util.Iterators$CompoundIterator.hasNext;com.sun.tools.javac.util.Iterators$CompoundIterator.update;com.sun.tools.javac.code.Scope$CompoundScope$$Lambda$189/0x00007f673011e680.apply;com.sun.tools.javac.code.Scope$CompoundScope.lambda$getSymbolsByName$2;com.sun.tools.javac.code.Scope$FilterImportScope$$Lambda$190/0x00007f673011ef88.iterator;com.sun.tools.javac.code.Scope$FilterImportScope.lambda$getSymbolsByName$3;com.sun.tools.javac.util.Iterators.createFilterIterator;com.sun.tools.javac.util.Iterators$2.<init>;com.sun.tools.javac.util.Iterators$2.update;com.sun.tools.javac.code.Scope$FilterImportScope$$Lambda$192/0x00007f673011f410.test;com.sun.tools.javac.code.Scope$FilterImportScope.lambda$getSymbolsByName$2;com.sun.tools.javac.comp.TypeEnter$ImportsPhase$$Lambda$176/0x00007f6730119598.accepts;com.sun.tools.javac.comp.TypeEnter$ImportsPhase.lambda$resolveImports$2;com.sun.tools.javac.comp.Check.importAccessible;com.sun.tools.javac.code.Symbol$ClassSymbol.flags;com.sun.tools.javac.code.Symbol$ClassSymbol.complete;com.sun.tools.javac.code.Symbol.complete;com.sun.tools.javac.code.ClassFinder$$Lambda$92/0x00007f673009cc60.complete;com.sun.tools.javac.code.ClassFinder.complete;com.sun.tools.javac.code.ClassFinder.fillIn;com.sun.tools.javac.jvm.ClassReader.readClassFile;com.sun.tools.javac.jvm.ClassReader.readClassBuffer;com.sun.tools.javac.jvm.ClassReader.readClass;com.sun.tools.javac.jvm.ClassReader.readClassAttrs;com.sun.tools.javac.jvm.ClassReader.readAttrs;com.sun.tools.javac.jvm.ClassReader$6.read;com.sun.tools.javac.jvm.ClassReader.readInnerClasses;com.sun.tools.javac.jvm.ClassReader.enterClass;com.sun.tools.javac.code.Symtab.enterClass;com.sun.tools.javac.code.Scope$ScopeImpl.remove;java.lang.invoke.MethodHandleNatives.linkCallSite;java.lang.invoke.MethodHandleNatives.linkCallSiteImpl;java.lang.invoke.CallSite.makeSite;java.lang.invoke.BootstrapMethodInvoker.invoke;java.lang.invoke.Invokers$Holder.invokeExact_MT;java.lang.invoke.LambdaForm$DMH/0x00007f6730108800.invokeStatic;java.lang.invoke.LambdaMetafactory.metafactory;java.lang.invoke.InnerClassLambdaMetafactory.buildCallSite;java.lang.invoke.InnerClassLambdaMetafactory.spinInnerClass;java.lang.invoke.InnerClassLambdaMetafactory.generateInnerClass;java.lang.invoke.MethodHandles$Lookup.defineHiddenClass;java.lang.invoke.MethodHandles$Lookup.makeHiddenClassDefiner;java.lang.invoke.MethodHandles$Lookup$ClassFile.newInstance;java.lang.invoke.MethodHandles$Lookup$ClassFile.readInt,0.0000
com.sun.tools.javac.launcher.Main.main;com.sun.tools.javac.launcher.Main.run;com.sun.tools.javac.launcher.Main.compile;com.sun.tools.javac.api.JavacTaskImpl.call;com.sun.tools.javac.api.JavacTaskImpl.doCall;com.sun.tools.javac.api.JavacTaskImpl.invocationHelper;com.sun.tools.javac.api.JavacTaskImpl$$Lambda$84/0x00007f6730038248.call;com.sun.tools.javac.api.JavacTaskImpl.lambda$doCall$0;com.sun.tools.javac.main.JavaCompiler.compile;com.sun.tools.javac.main.JavaCompiler.enterTrees;com.sun.tools.javac.comp.Enter.main;com.sun.tools.javac.comp.Enter.complete;com.sun.tools.javac.code.Symbol$ClassSymbol.complete;com.sun.tools.javac.code.Symbol.complete;com.sun.tools.javac.comp.TypeEnter.complete;com.sun.tools.javac.comp.TypeEnter$Phase.completeEnvs;com.sun.tools.javac.comp.TypeEnter$Phase.doCompleteEnvs;com.sun.tools.javac.comp.TypeEnter$ImportsPhase.runPhase;com.sun.tools.javac.comp.TypeEnter$ImportsPhase.resolveImports;com.sun.tools.javac.comp.TypeEnter$ImportsPhase.doImport;com.sun.tools.javac.comp.Attr.attribImportQualifier;com.sun.tools.javac.comp.Attr.attribTree;com.sun.tools.javac.tree.JCTree$JCFieldAccess.accept;com.sun.tools.javac.comp.Attr.visitSelect;com.sun.tools.javac.comp.Attr.selectSym;com.sun.tools.javac.comp.Resolve.findIdentInPackage;com.sun.tools.javac.comp.Resolve.findIdentInPackageInternal;com.sun.tools.javac.comp.Resolve.lookupPackage;com.sun.tools.javac.code.Symbol$PackageSymbol.members;com.sun.tools.javac.code.Symbol.complete;com.sun.tools.javac.code.ClassFinder$$Lambda$92/0x00007f673009cc60.complete;com.sun.tools.javac.code.ClassFinder.complete;com.sun.tools.javac.code.ClassFinder.fillIn;com.sun.tools.javac.code.ClassFinder.scanModulePaths;com.sun.tools.javac.code.ClassFinder.list;javax.tools.ForwardingJavaFileManager.list;com.sun.tools.javac.file.JavacFileManager.list;com.sun.tools.javac.file.JavacFileManager$DirectoryContainer.list;java.nio.file.Files.exists;jdk.internal.jrtfs.JrtFileSystemProvider.checkAccess;jdk.internal.jrtfs.JrtPath.checkAccess;jdk.internal.jrtfs.JrtFileSystem.checkNode;jdk.internal.jrtfs.JrtFileSystem.lookup;jdk.internal.jrtfs.SystemImage$1.findNode;jdk.internal.jimage.ImageReader.findNode;jdk.internal.jimage.ImageReader$SharedImageReader.findNode;jdk.internal.jimage.ImageReader$SharedImageReader.buildNode;jdk.internal.jimage.ImageReader$SharedImageReader.handleModulesSubTree;jdk.internal.jimage.ImageReader$SharedImageReader.visitLocation;jdk.internal.jimage.ImageReader$SharedImageReader$$Lambda$141/0x00007f67300732e8.visit;jdk.internal.jimage.ImageReader$SharedImageReader.lambda$handleModulesSubTree$1;jdk.internal.jimage.ImageLocation.getFullName;jdk.internal.jimage.ImageLocation.getFullName;jdk.internal.jimage.ImageLocation.getBase;jdk.internal.jimage.ImageLocation.getAttributeString;jdk.internal.jimage.ImageStringsReader.get;jdk.internal.jimage.BasicImageReader.getString;jdk.internal.jimage.ImageStringsReader.stringFromByteBuffer,0.0000
com.sun.tools.javac.launcher.Main.main;com.sun.tools.javac.launcher.Main.run;com.sun.tools.javac.launcher.Main.compile;com.sun.tools.javac.api.JavacTaskImpl.call;com.sun.tools.javac.api.JavacTaskImpl.doCall;com.sun.tools.javac.api.JavacTaskImpl.invocationHelper;com.sun.tools.javac.api.JavacTaskImpl$$Lambda$84/0x00007f6730038248.call;com.sun.tools.javac.api.JavacTaskImpl.lambda$doCall$0;com.sun.tools.javac.main.JavaCompiler.compile;com.sun.tools.javac.main.JavaCompiler.parseFiles;com.sun.tools.javac.main.JavaCompiler.parseFiles;com.sun.tools.javac.main.JavaCompiler.parse;com.sun.tools.javac.main.JavaCompiler.parse;com.sun.tools.javac.parser.ParserFactory.newParser;com.sun.tools.javac.parser.JavacParser.<init>;com.sun.tools.javac.parser.JavacParser.nextToken;com.sun.tools.javac.parser.Scanner.nextToken;com.sun.tools.javac.parser.JavaTokenizer.readToken;com.sun.tools.javac.parser.JavadocTokenizer.processComment;com.sun.tools.javac.parser.JavadocTokenizer$JavadocComment.<clinit>;java.util.regex.Pattern.compile;java.util.regex.Pattern.<init>;java.util.regex.Pattern.compile;java.util.regex.Pattern.expr;java.util.regex.Pattern.sequence;java.util.regex.Pattern.group0;java.util.regex.Pattern.expr;java.util.regex.Pattern.sequence;java.util.regex.Pattern.atom;java.util.regex.Pattern.newCharProperty,0.0000
com.sun.tools.javac.launcher.Main.main;com.sun.tools.javac.launcher.Main.run;com.sun.tools.javac.launcher.Main.compile;com.sun.tools.javac.api.JavacTaskImpl.call;com.sun.tools.javac.api.JavacTaskImpl.doCall;com.sun.tools.javac.api.JavacTaskImpl.invocationHelper;com.sun.tools.javac.api.JavacTaskImpl$$Lambda$84/0x00007f6730038248.call;com.sun.tools.javac.api.JavacTaskImpl.lambda$doCall$0;com.sun.tools.javac.main.JavaCompiler.compile;com.sun.tools.javac.main.JavaCompiler.initModules;com.sun.tools.javac.comp.Modules.initModules;com.sun.tools.javac.comp.Modules.enter;com.sun.tools.javac.code.Symbol.complete;com.sun.tools.javac.comp.Modules$3.complete;com.sun.tools.javac.code.Symbol.complete;com.sun.tools.javac.comp.Modules$$Lambda$155/0x00007f6730113718.complete;com.sun.tools.javac.comp.Modules.lambda$completeModule$18;com.sun.tools.javac.comp.Modules.completeModule;com.sun.tools.javac.comp.Modules.initVisiblePackages;com.sun.tools.javac.comp.Modules.addVisiblePackages;java.util.HashMap.put;java.util.HashMap.putVal;java.util.HashMap.resize,0.0000
com.sun.tools.javac.launcher.Main.main;com.sun.tools.javac.launcher.Main.run;com.sun.tools.javac.launcher.Main.compile;com.sun.tools.javac.api.JavacTool.getStandardFileManager;com.sun.tools.javac.file.JavacFileManager.<init>;com.sun.tools.javac.file.JavacFileManager.setContext;com.sun.tools.javac.file.BaseFileManager.setContext;com.sun.tools.javac.util.Log.instance;com.sun.tools.javac.util.Log.<init>;com.sun.tools.javac.util.Log.<init>;com.sun.tools.javac.util.JCDiagnostic$Factory.instance;com.sun.tools.javac.util.JCDiagnostic$Factory.<init>;com.sun.tools.javac.util.JavacMessages.instance;com.sun.tools.javac.util.JavacMessages.<init>;com.sun.tools.javac.util.JavacMessages.<init>;com.sun.tools.javac.util.JavacMessages.setCurrentLocale;com.sun.tools.javac.util.JavacMessages.getBundles;com.sun.tools.javac.util.JavacMessages$$Lambda$72/0x00007f67300220a0.getResourceBundle;com.sun.tools.javac.util.JavacMessages.lambda$add$0;java.util.ResourceBundle.getBundle;java.util.ResourceBundle.getBundleImpl;java.util.ResourceBundle.getBundleImpl;java.util.ResourceBundle.getBundleImpl;java.util.ResourceBundle.findBundle;java.util.ResourceBundle.findBundle;java.util.ResourceBundle.findBundle;java.util.ResourceBundle.loadBundle;java.util.ResourceBundle$ResourceBundleProviderHelper.loadResourceBundle;java.util.ResourceBundle$ResourceBundleProviderHelper.newResourceBundle;java.lang.Class.getConstructor;java.lang.Class.getConstructor0;java.lang.Class.privateGetDeclaredConstructors;java.lang.Class.getDeclaredConstructors0,0.0000
com.sun.tools.javac.launcher.Main.main;com.sun.tools.javac.launcher.Main.run;com.sun.tools.javac.launcher.Main.compile;com.sun.tools.javac.api.JavacTaskImpl.call;com.sun.tools.javac.api.JavacTaskImpl.doCall;com.sun.tools.javac.api.JavacTaskImpl.invocationHelper;com.sun.tools.javac.api.JavacTaskImpl$$Lambda$84/0x00007f6730038248.call;com.sun.tools.javac.api.JavacTaskImpl.lambda$doCall$0;com.sun.tools.javac.main.JavaCompiler.compile;com.sun.tools.javac.main.JavaCompiler.enterTrees;com.sun.tools.javac.comp.Enter.main;com.sun.tools.javac.comp.Enter.complete;com.sun.tools.javac.code.Symbol$ClassSymbol.complete;com.sun.tools.javac.code.Symbol.complete;com.sun.tools.javac.comp.TypeEnter.complete;com.sun.tools.javac.comp.TypeEnter$Phase.completeEnvs;com.sun.tools.javac.comp.TypeEnter$Phase.doCompleteEnvs;com.sun.tools.javac.comp.TypeEnter$ImportsPhase.runPhase;com.sun.tools.javac.comp.TypeEnter$ImportsPhase.resolveImports;com.sun.tools.javac.code.Symbol$PackageSymbol.members;com.sun.tools.javac.code.Symbol.complete;com.sun.tools.javac.code.ClassFinder$$Lambda$92/0x00007f673009cc60.complete;com.sun.tools.javac.code.ClassFinder.complete;com.sun.tools.javac.code.ClassFinder.fillIn;com.sun.tools.javac.code.ClassFinder.scanModulePaths;com.sun.tools.javac.code.ClassFinder.list;javax.tools.ForwardingJavaFileManager.list;com.sun.tools.javac.file.JavacFileManager.list;com.sun.tools.javac.file.JavacFileManager$DirectoryContainer.list;java.nio.file.Files.exists;jdk.internal.jrtfs.JrtFileSystemProvider.checkAccess;jdk.internal.jrtfs.JrtPath.checkAccess;jdk.internal.jrtfs.JrtFileSystem.checkNode;jdk.internal.jrtfs.JrtFileSystem.lookup;jdk.internal.jrtfs.SystemImage$1.findNode;jdk.internal.jimage.ImageReader.findNode;jdk.internal.jimage.ImageReader$SharedImageReader.findNode;jdk.internal.jimage.ImageReader$SharedImageReader.buildNode;jdk.internal.jimage.ImageReader$SharedImageReader.handleModulesSubTree;jdk.internal.jimage.ImageReader$SharedImageReader.visitLocation;jdk.internal.jimage.ImageReader$SharedImageReader$$Lambda$141/0x00007f67300732e8.visit;jdk.internal.jimage.ImageReader$SharedImageReader.lambda$handleModulesSubTree$1;jdk.internal.jimage.ImageLocation.getFullName;jdk.internal.jimage.ImageLocation.getFullName;jdk.internal.jimage.ImageLocation.getExtension;jdk.internal.jimage.ImageLocation.getAttributeString;jdk.internal.jimage.ImageStringsReader.get;jdk.internal.jimage.BasicImageReader.getString;jdk.internal.jimage.ImageStringsReader.stringFromByteBuffer;java.lang.String.<init>;java.lang.String.<init>;java.lang.StringCoding.hasNegatives,0.0000
com.sun.tools.javac.launcher.Main.main;com.sun.tools.javac.launcher.Main.run;com.sun.tools.javac.launcher.Main.execute;java.lang.reflect.Method.invoke;jdk.internal.reflect.DelegatingMethodAccessorImpl.invoke;jdk.internal.reflect.NativeMethodAccessorImpl.invoke;jdk.internal.reflect.NativeMethodAccessorImpl.invoke0;TreeMap2.main;java.util.TreeMap.remove;java.util.TreeMap.getEntry,0.0000
com.sun.tools.javac.launcher.Main.main;com.sun.tools.javac.launcher.Main.run;com.sun.tools.javac.launcher.Main.compile;com.sun.tools.javac.api.JavacTaskImpl.call;com.sun.tools.javac.api.JavacTaskImpl.doCall;com.sun.tools.javac.api.JavacTaskImpl.invocationHelper;com.sun.tools.javac.api.JavacTaskImpl$$Lambda$84/0x00007f6730038248.call;com.sun.tools.javac.api.JavacTaskImpl.lambda$doCall$0;com.sun.tools.javac.api.JavacTaskImpl.prepareCompiler;com.sun.tools.javac.api.BasicJavacTask.initPlugins;com.sun.tools.javac.processing.JavacProcessingEnvironment.instance;com.sun.tools.javac.processing.JavacProcessingEnvironment.<init>;com.sun.tools.javac.main.JavaCompiler.instance;com.sun.tools.javac.main.JavaCompiler.<init>;com.sun.tools.javac.code.ClassFinder.instance;com.sun.tools.javac.code.ClassFinder.<init>;com.sun.tools.javac.jvm.ClassReader.instance;com.sun.tools.javac.jvm.ClassReader.<init>;com.sun.tools.javac.comp.Annotate.instance;com.sun.tools.javac.comp.Annotate.<init>;com.sun.tools.javac.comp.Attr.instance;com.sun.tools.javac.comp.Attr.<init>;com.sun.tools.javac.code.Symtab.instance;com.sun.tools.javac.code.Symtab.<init>;com.sun.tools.javac.comp.Modules.instance;com.sun.tools.javac.comp.Modules.<init>;com.sun.tools.javac.comp.Check.instance;com.sun.tools.javac.comp.Check.<init>,0.0000
com.sun.tools.javac.launcher.Main.main;com.sun.tools.javac.launcher.Main.run;com.sun.tools.javac.launcher.Main.compile;com.sun.tools.javac.api.JavacTaskImpl.call;com.sun.tools.javac.api.JavacTaskImpl.doCall;com.sun.tools.javac.api.JavacTaskImpl.invocationHelper;com.sun.tools.javac.api.JavacTaskImpl$$Lambda$84/0x00007f6730038248.call;com.sun.tools.javac.api.JavacTaskImpl.lambda$doCall$0;com.sun.tools.javac.api.JavacTaskImpl.prepareCompiler;com.sun.tools.javac.api.BasicJavacTask.initPlugins;com.sun.tools.javac.processing.JavacProcessingEnvironment.instance;com.sun.tools.javac.processing.JavacProcessingEnvironment.<init>;com.sun.tools.javac.main.JavaCompiler.instance;com.sun.tools.javac.main.JavaCompiler.<init>;com.sun.tools.javac.code.ClassFinder.instance;com.sun.tools.javac.code.ClassFinder.<init>;com.sun.tools.javac.jvm.ClassReader.instance;com.sun.tools.javac.jvm.ClassReader.<init>;com.sun.tools.javac.comp.Annotate.instance;com.sun.tools.javac.comp.Annotate.<init>;com.sun.tools.javac.comp.Attr.instance;com.sun.tools.javac.comp.Attr.<init>;com.sun.tools.javac.code.Symtab.instance;com.sun.tools.javac.code.Symtab.<init>;com.sun.tools.javac.comp.Modules.instance;com.sun.tools.javac.comp.Modules.<init>;com.sun.tools.javac.jvm.ClassWriter.instance;com.sun.tools.javac.jvm.ClassWriter.<init>;com.sun.tools.javac.jvm.Gen.instance;com.sun.tools.javac.jvm.Gen.<init>;java.lang.ClassLoader.loadClass;jdk.internal.loader.ClassLoaders$AppClassLoader.loadClass;jdk.internal.loader.BuiltinClassLoader.loadClass;jdk.internal.loader.BuiltinClassLoader.loadClassOrNull;jdk.internal.loader.BuiltinClassLoader.findClassInModuleOrNull;jdk.internal.loader.BuiltinClassLoader.defineClass;java.security.SecureClassLoader.defineClass;java.lang.ClassLoader.defineClass;java.lang.ClassLoader.defineClass2,0.0000
com.sun.tools.javac.launcher.Main.main;com.sun.tools.javac.launcher.Main.run;com.sun.tools.javac.launcher.Main.compile;com.sun.tools.javac.api.JavacTaskImpl.call;com.sun.tools.javac.api.JavacTaskImpl.doCall;com.sun.tools.javac.api.JavacTaskImpl.invocationHelper;com.sun.tools.javac.api.JavacTaskImpl$$Lambda$84/0x00007f6730038248.call;com.sun.tools.javac.api.JavacTaskImpl.lambda$doCall$0;com.sun.tools.javac.api.JavacTaskImpl.prepareCompiler;com.sun.tools.javac.api.BasicJavacTask.initPlugins;com.sun.tools.javac.processing.JavacProcessingEnvironment.instance;com.sun.tools.javac.processing.JavacProcessingEnvironment.<init>;com.sun.tools.javac.main.JavaCompiler.instance;com.sun.tools.javac.main.JavaCompiler.<init>;com.sun.tools.javac.code.ClassFinder.instance;com.sun.tools.javac.code.ClassFinder.<init>;com.sun.tools.javac.jvm.ClassReader.instance;com.sun.tools.javac.jvm.ClassReader.<init>;com.sun.tools.javac.comp.Annotate.instance;com.sun.tools.javac.comp.Annotate.<init>;com.sun.tools.javac.comp.Attr.instance;com.sun.tools.javac.comp.Attr.<init>;com.sun.tools.javac.code.Symtab.instance;com.sun.tools.javac.code.Symtab.<init>;com.sun.tools.javac.code.Symtab.enterClass;com.sun.tools.javac.code.Symtab.enterClass;com.sun.tools.javac.code.Symtab.getClass;java.lang.invoke.MethodHandleNatives.linkCallSite;java.lang.invoke.MethodHandleNatives.linkCallSiteImpl;java.lang.invoke.CallSite.makeSite;java.lang.invoke.BootstrapMethodInvoker.invoke;java.lang.invoke.Invokers$Holder.invokeExact_MT;java.lang.invoke.DirectMethodHandle$Holder.invokeStatic;java.lang.invoke.LambdaMetafactory.metafactory;java.lang.invoke.InnerClassLambdaMetafactory.buildCallSite;java.lang.invoke.InnerClassLambdaMetafactory.spinInnerClass;java.lang.invoke.LambdaProxyClassArchive.find;jdk.internal.misc.CDS.isDumpingArchive,0.0000
com.sun.tools.javac.launcher.Main.main;com.sun.tools.javac.launcher.Main.run;com.sun.tools.javac.launcher.Main.execute;java.lang.reflect.Method.invoke;jdk.internal.reflect.DelegatingMethodAccessorImpl.invoke;jdk.internal.reflect.NativeMethodAccessorImpl.invoke;jdk.internal.reflect.NativeMethodAccessorImpl.invoke0;TreeMap2.main;java.util.TreeMap.put;java.util.TreeMap.put;java.util.TreeMap.addEntry;java.util.TreeMap.fixAfterInsertion,0.0000
com.sun.tools.javac.launcher.Main.main;com.sun.tools.javac.launcher.Main.run;com.sun.tools.javac.launcher.Main.compile;com.sun.tools.javac.api.JavacTaskImpl.call;com.sun.tools.javac.api.JavacTaskImpl.doCall;com.sun.tools.javac.api.JavacTaskImpl.invocationHelper;com.sun.tools.javac.api.JavacTaskImpl$$Lambda$84/0x00007f6730038248.call;com.sun.tools.javac.api.JavacTaskImpl.lambda$doCall$0;com.sun.tools.javac.api.JavacTaskImpl.prepareCompiler;com.sun.tools.javac.api.BasicJavacTask.initPlugins;com.sun.tools.javac.processing.JavacProcessingEnvironment.instance;com.sun.tools.javac.processing.JavacProcessingEnvironment.<init>;com.sun.tools.javac.main.JavaCompiler.instance;com.sun.tools.javac.main.JavaCompiler.<init>;com.sun.tools.javac.code.ClassFinder.instance;com.sun.tools.javac.code.ClassFinder.<init>;java.lang.ClassLoader.loadClass;jdk.internal.loader.ClassLoaders$AppClassLoader.loadClass;jdk.internal.loader.BuiltinClassLoader.loadClass;jdk.internal.loader.BuiltinClassLoader.loadClassOrNull;jdk.internal.loader.BuiltinClassLoader.findClassInModuleOrNull;jdk.internal.loader.BuiltinClassLoader.defineClass;java.security.SecureClassLoader.defineClass;java.lang.ClassLoader.defineClass;java.lang.ClassLoader.defineClass2;java.lang.ClassLoader.loadClass;jdk.internal.loader.ClassLoaders$AppClassLoader.loadClass;jdk.internal.loader.BuiltinClassLoader.loadClass;jdk.internal.loader.BuiltinClassLoader.loadClassOrNull;java.lang.ClassLoader.findLoadedClass;java.lang.ClassLoader.checkName;java.lang.String.indexOf;java.lang.String.indexOf,0.0000
com.sun.tools.javac.launcher.Main.main;com.sun.tools.javac.launcher.Main.run;com.sun.tools.javac.launcher.Main.compile;com.sun.tools.javac.api.JavacTaskImpl.call;com.sun.tools.javac.api.JavacTaskImpl.doCall;com.sun.tools.javac.api.JavacTaskImpl.invocationHelper;com.sun.tools.javac.api.JavacTaskImpl$$Lambda$84/0x00007f6730038248.call;com.sun.tools.javac.api.JavacTaskImpl.lambda$doCall$0;com.sun.tools.javac.main.JavaCompiler.compile;com.sun.tools.javac.main.JavaCompiler.enterTrees;com.sun.tools.javac.comp.Enter.main;com.sun.tools.javac.comp.Enter.complete;com.sun.tools.javac.code.Symbol$ClassSymbol.complete;com.sun.tools.javac.code.Symbol.complete;com.sun.tools.javac.comp.TypeEnter.complete;com.sun.tools.javac.comp.TypeEnter$Phase.completeEnvs;com.sun.tools.javac.comp.TypeEnter$Phase.doCompleteEnvs;com.sun.tools.javac.comp.TypeEnter$ImportsPhase.runPhase;com.sun.tools.javac.comp.TypeEnter$ImportsPhase.resolveImports;com.sun.tools.javac.code.Symbol$PackageSymbol.members;com.sun.tools.javac.code.Symbol.complete;com.sun.tools.javac.code.ClassFinder$$Lambda$92/0x00007f673009cc60.complete;com.sun.tools.javac.code.ClassFinder.complete;com.sun.tools.javac.code.ClassFinder.fillIn;com.sun.tools.javac.code.ClassFinder.scanModulePaths;com.sun.tools.javac.code.ClassFinder.fillIn;com.sun.tools.javac.code.ClassFinder.includeClassFile;com.sun.tools.javac.code.Scope.findFirst;com.sun.tools.javac.code.Scope$ScopeImpl.findFirst;com.sun.tools.javac.code.Scope$ScopeImpl.lookup,0.0000
com.sun.tools.javac.launcher.Main.main;com.sun.tools.javac.launcher.Main.run;com.sun.tools.javac.launcher.Main.compile;com.sun.tools.javac.api.JavacTaskImpl.call;com.sun.tools.javac.api.JavacTaskImpl.doCall;com.sun.tools.javac.api.JavacTaskImpl.invocationHelper;com.sun.tools.javac.api.JavacTaskImpl$$Lambda$84/0x00007f6730038248.call;com.sun.tools.javac.api.JavacTaskImpl.lambda$doCall$0;com.sun.tools.javac.main.JavaCompiler.compile;com.sun.tools.javac.main.JavaCompiler.enterTrees;com.sun.tools.javac.comp.Enter.main;com.sun.tools.javac.comp.Enter.complete;com.sun.tools.javac.code.Symbol$ClassSymbol.complete;com.sun.tools.javac.code.Symbol.complete;com.sun.tools.javac.comp.TypeEnter.complete;com.sun.tools.javac.comp.TypeEnter$Phase.completeEnvs;com.sun.tools.javac.comp.TypeEnter$Phase.doCompleteEnvs;com.sun.tools.javac.comp.TypeEnter$ImportsPhase.runPhase;com.sun.tools.javac.comp.TypeEnter$ImportsPhase.resolveImports;com.sun.tools.javac.comp.TypeEnter$ImportsPhase.doImport;com.sun.tools.javac.comp.Attr.attribImportQualifier;com.sun.tools.javac.comp.Attr.attribTree;com.sun.tools.javac.tree.JCTree$JCFieldAccess.accept;com.sun.tools.javac.comp.Attr.visitSelect;com.sun.tools.javac.comp.Attr.selectSym;com.sun.tools.javac.comp.Resolve.findIdentInPackage;com.sun.tools.javac.comp.Resolve.findIdentInPackageInternal;com.sun.tools.javac.comp.Resolve.lookupPackage;com.sun.tools.javac.code.Symbol$PackageSymbol.members;com.sun.tools.javac.code.Symbol.complete;com.sun.tools.javac.code.ClassFinder$$Lambda$92/0x00007f673009cc60.complete;com.sun.tools.javac.code.ClassFinder.complete;com.sun.tools.javac.code.ClassFinder.fillIn;com.sun.tools.javac.code.ClassFinder.scanModulePaths;com.sun.tools.javac.code.ClassFinder.fillIn;com.sun.tools.javac.code.ClassFinder.includeClassFile;com.sun.tools.javac.code.Scope.findFirst;com.sun.tools.javac.code.Scope$ScopeImpl.findFirst;com.sun.tools.javac.code.Scope$ScopeImpl.lookup;com.sun.tools.javac.code.Scope$ScopeImpl.getIndex,0.0000
com.sun.tools.javac.launcher.Main.main;com.sun.tools.javac.launcher.Main.run;com.sun.tools.javac.launcher.Main.compile;com.sun.tools.javac.api.JavacTaskImpl.call;com.sun.tools.javac.api.JavacTaskImpl.doCall;com.sun.tools.javac.api.JavacTaskImpl.invocationHelper;com.sun.tools.javac.api.JavacTaskImpl$$Lambda$84/0x00007f6730038248.call;com.sun.tools.javac.api.JavacTaskImpl.lambda$doCall$0;com.sun.tools.javac.api.JavacTaskImpl.prepareCompiler;com.sun.tools.javac.api.BasicJavacTask.initPlugins;com.sun.tools.javac.processing.JavacProcessingEnvironment.instance;com.sun.tools.javac.processing.JavacProcessingEnvironment.<init>;com.sun.tools.javac.main.JavaCompiler.instance;com.sun.tools.javac.main.JavaCompiler.<init>;com.sun.tools.javac.code.ClassFinder.instance;com.sun.tools.javac.code.ClassFinder.<init>;com.sun.tools.javac.jvm.ClassReader.instance;com.sun.tools.javac.jvm.ClassReader.<init>;com.sun.tools.javac.comp.Annotate.instance;com.sun.tools.javac.comp.Annotate.<init>;com.sun.tools.javac.comp.Attr.instance;com.sun.tools.javac.comp.Attr.<init>;com.sun.tools.javac.code.Symtab.instance;com.sun.tools.javac.code.Symtab.<init>;com.sun.tools.javac.comp.Modules.instance;com.sun.tools.javac.comp.Modules.<init>;com.sun.tools.javac.comp.Check.instance;com.sun.tools.javac.comp.Check.<init>;com.sun.tools.javac.comp.Resolve.instance;com.sun.tools.javac.comp.Resolve.<init>;com.sun.tools.javac.comp.AttrRecover.instance;com.sun.tools.javac.comp.AttrRecover.<init>;com.sun.tools.javac.comp.DeferredAttr.instance;com.sun.tools.javac.comp.DeferredAttr.<init>;com.sun.tools.javac.comp.Enter.instance;com.sun.tools.javac.comp.Enter.<init>;com.sun.tools.javac.tree.TreeMaker.instance;com.sun.tools.javac.tree.TreeMaker.<init>;com.sun.tools.javac.code.Types.instance;com.sun.tools.javac.code.Types.<init>;java.lang.invoke.MethodHandleNatives.linkCallSite;java.lang.invoke.MethodHandleNatives.linkCallSiteImpl;java.lang.invoke.CallSite.makeSite;java.lang.invoke.BootstrapMethodInvoker.invoke;java.lang.invoke.Invokers$Holder.invokeExact_MT;java.lang.invoke.DirectMethodHandle$Holder.invokeStatic;java.lang.invoke.LambdaMetafactory.metafactory;java.lang.invoke.InnerClassLambdaMetafactory.buildCallSite;java.lang.invoke.InnerClassLambdaMetafactory.spinInnerClass;java.lang.invoke.InnerClassLambdaMetafactory.generateInnerClass;java.lang.Class.getName;java.lang.Class.initClassName,0.0000
com.sun.tools.javac.launcher.Main.main;com.sun.tools.javac.launcher.Main.run;com.sun.tools.javac.launcher.Main.execute;java.lang.reflect.Method.invoke;jdk.internal.reflect.DelegatingMethodAccessorImpl.invoke;jdk.internal.reflect.NativeMethodAccessorImpl.invoke;jdk.internal.reflect.NativeMethodAccessorImpl.invoke0;TreeMap2.main;java.util.TreeMap.remove;java.util.TreeMap.deleteEntry;java.util.TreeMap.fixAfterDeletion,0.0000
com.sun.tools.javac.launcher.Main.main;com.sun.tools.javac.launcher.Main.run;com.sun.tools.javac.launcher.Main.execute;java.lang.reflect.Method.invoke;jdk.internal.reflect.DelegatingMethodAccessorImpl.invoke;jdk.internal.reflect.NativeMethodAccessorImpl.invoke;jdk.internal.reflect.NativeMethodAccessorImpl.invoke0;TreeMap2.main;java.util.TreeMap.put;java.util.TreeMap.put,0.0000
com.sun.tools.javac.launcher.Main.main;com.sun.tools.javac.launcher.Main.run;com.sun.tools.javac.launcher.Main.compile;com.sun.tools.javac.api.JavacTaskImpl.call;com.sun.tools.javac.api.JavacTaskImpl.doCall;com.sun.tools.javac.api.JavacTaskImpl.invocationHelper;com.sun.tools.javac.api.JavacTaskImpl$$Lambda$84/0x00007f6730038248.call;com.sun.tools.javac.api.JavacTaskImpl.lambda$doCall$0;com.sun.tools.javac.api.JavacTaskImpl.prepareCompiler;com.sun.tools.javac.api.BasicJavacTask.initPlugins;com.sun.tools.javac.processing.JavacProcessingEnvironment.instance;com.sun.tools.javac.processing.JavacProcessingEnvironment.<init>;com.sun.tools.javac.main.JavaCompiler.instance;com.sun.tools.javac.main.JavaCompiler.<init>;com.sun.tools.javac.parser.ParserFactory.instance;com.sun.tools.javac.parser.ParserFactory.<init>;java.lang.ClassLoader.loadClass;jdk.internal.loader.ClassLoaders$AppClassLoader.loadClass;jdk.internal.loader.BuiltinClassLoader.loadClass;jdk.internal.loader.BuiltinClassLoader.loadClassOrNull;jdk.internal.loader.BuiltinClassLoader.findClassInModuleOrNull;jdk.internal.loader.BuiltinClassLoader.defineClass;java.security.SecureClassLoader.defineClass;java.lang.ClassLoader.defineClass;java.lang.ClassLoader.defineClass2,0.0000
com.sun.tools.javac.launcher.Main.main;com.sun.tools.javac.launcher.Main.run;com.sun.tools.javac.launcher.Main.compile;com.sun.tools.javac.api.JavacTool.getStandardFileManager;com.sun.tools.javac.file.JavacFileManager.<init>;com.sun.tools.javac.file.BaseFileManager.<init>;java.lang.ClassLoader.loadClass;jdk.internal.loader.ClassLoaders$AppClassLoader.loadClass;jdk.internal.loader.BuiltinClassLoader.loadClass;jdk.internal.loader.BuiltinClassLoader.loadClassOrNull;jdk.internal.loader.BuiltinClassLoader.findClassInModuleOrNull;jdk.internal.loader.BuiltinClassLoader.defineClass;java.security.SecureClassLoader.defineClass;java.lang.ClassLoader.defineClass;java.lang.ClassLoader.defineClass2,0.0000
com.sun.tools.javac.launcher.Main.main;com.sun.tools.javac.launcher.Main.run;com.sun.tools.javac.launcher.Main.compile;com.sun.tools.javac.api.JavacTaskImpl.call;com.sun.tools.javac.api.JavacTaskImpl.doCall;com.sun.tools.javac.api.JavacTaskImpl.invocationHelper;com.sun.tools.javac.api.JavacTaskImpl$$Lambda$84/0x00007f6730038248.call;com.sun.tools.javac.api.JavacTaskImpl.lambda$doCall$0;com.sun.tools.javac.main.JavaCompiler.compile;com.sun.tools.javac.main.JavaCompiler.initModules;com.sun.tools.javac.comp.Modules.initModules;com.sun.tools.javac.comp.Modules.enter;com.sun.tools.javac.comp.Modules.setCompilationUnitModules;com.sun.tools.javac.comp.Modules.getUnnamedModuleCompleter;com.sun.tools.javac.code.ModuleFinder.findAllModules;com.sun.tools.javac.code.ModuleFinder.scanModulePath;com.sun.tools.javac.code.ModuleFinder$ModuleLocationIterator.hasNext;javax.tools.ForwardingJavaFileManager.listLocationsForModules;com.sun.tools.javac.file.JavacFileManager.listLocationsForModules;com.sun.tools.javac.file.Locations.listLocationsForModules;com.sun.tools.javac.file.Locations$SystemModulesLocationHandler.listLocationsForModules;com.sun.tools.javac.file.Locations$SystemModulesLocationHandler.initSystemModules;java.nio.file.Files.newDirectoryStream;jdk.internal.jrtfs.JrtFileSystemProvider.newDirectoryStream;jdk.internal.jrtfs.JrtPath.newDirectoryStream;jdk.internal.jrtfs.JrtDirectoryStream.<init>;jdk.internal.jrtfs.JrtFileSystem.isDirectory;jdk.internal.jrtfs.JrtFileSystem.checkNode;jdk.internal.jrtfs.JrtFileSystem.lookup;jdk.internal.jrtfs.SystemImage$1.findNode;jdk.internal.jimage.ImageReader.findNode;jdk.internal.jimage.ImageReader$SharedImageReader.findNode;jdk.internal.jimage.ImageReader$SharedImageReader.buildNode;jdk.internal.jimage.ImageReader$SharedImageReader.handleModulesSubTree;java.lang.invoke.MethodHandleNatives.linkMethodHandleConstant;java.lang.invoke.MethodHandles$Lookup.linkMethodHandleConstant;java.lang.invoke.MemberName.<init>,0.0000
